Apk,libunity type(Mono/IL2CPP),[Sensitive Data Collection] get_deviceId,[Sensitive Data Collection] get_simSerialNumber,[Sensitive Data Collection] get_networkOperatorName,[Sensitive Data Collection] GetContacts,[Sensitive Data Collection] GetCallLog,[Sensitive Data Collection] GetInstalledPackages,[Sensitive Data Collection] getImei,[Sensitive Data Collection] getMeid,[Sensitive Data Collection] getSubscriberId,[Sensitive Data Collection] ANDROID_ID,[Sensitive Data Collection] getMacAddress,[Sensitive Data Collection] getBSSID,[Sensitive Data Collection] getSSID,[Sensitive Data Collection] Input.location,[Sensitive Data Collection] getLastKnownLocation,[Sensitive Data Collection] requestLocationUpdates,[Sensitive Data Collection] getLatitude,[Sensitive Data Collection] getLongitude,[Sensitive Data Collection] GUIUtility.systemCopyBuffer,[Sensitive Data Collection] getClipboardData,[Sensitive Data Collection] getPrimaryClip,[Sensitive Data Collection] READ_SMS,[Sensitive Data Collection] RECEIVE_SMS,[Sensitive Data Collection] READ_CONTACTS,[Sensitive Data Collection] READ_HISTORY_BOOKMARKS,[Sensitive Data Collection] READ_LOGS,[Sensitive Data Collection] READ_SETTINGS,[Sensitive Data Collection] ACCESS_WIFI_STATE,[Sensitive Data Collection] SMS_RECEIVED,[Data Exfiltration] UnityWebRequest,[Data Exfiltration] UploadHandler,[Data Exfiltration] Socket.Connect,[Data Exfiltration] WebClient.DownloadData,[Data Exfiltration] ftp://,[Data Exfiltration] http://,[Data Exfiltration] HttpClient.PostAsync,[Data Exfiltration] HttpClient.SendAsync,[Data Exfiltration] HttpWebRequest.GetResponse,[Data Exfiltration] WebClient.UploadData,[Data Exfiltration] WebClient.UploadString,[Data Exfiltration] WebClient.UploadFile,[Data Exfiltration] WWWForm,[Data Exfiltration] SendWebRequest,[Data Exfiltration] TcpClient,[Data Exfiltration] UdpClient,[Data Exfiltration] NetworkStream.Write,[Data Exfiltration] execHttpRequest,[Data Exfiltration] sendTextMessage,[Data Exfiltration] SEND_SMS,[Data Exfiltration] WRITE_SMS,[Data Exfiltration] CONNECTIVITY_CHANGE
0017BB595D03933FF8C29E42F2F425CB14F6831E0469C0D35458F311242CE7FB_990e7fd1e7.dll,Mono,1,0,0,1,0,0,0,0,0,0,0,0,0,0,0,0,0,0,0,0,0,0,0,0,0,0,0,0,0,0,0,0,0,0,7,0,0,0,0,0,0,1,0,0,0,0,0,0,0,0,0
00AEDA61ECA6959C35531381407B6FC0EE55084C9FCB8B616E0969E9F5F54DD4_f2d250d64a.dll,Mono,0,0,0,0,0,0,0,0,0,0,0,0,0,0,0,0,0,0,0,0,0,0,0,0,0,0,0,0,0,0,0,0,0,0,0,0,0,0,0,0,0,0,0,0,0,0,0,0,0,0,0
03255FD73E700EC9D4C02D33580FFE0BAD1AD34014886B1136F8A31951A5A49C_a69ccb407b.dll,Mono,0,0,0,0,0,0,0,0,0,0,0,0,0,0,0,0,0,0,0,0,0,0,0,0,0,0,0,0,0,0,0,0,0,0,3,0,0,0,0,0,0,1,0,3,0,0,0,0,0,0,0
053289EADEDF2A5A4C2616CB71FC4F7307B6BF53CB987659466B23B72C4B8B8A_c025cda60f.dll,Mono,0,0,0,1,0,0,0,0,0,8,0,0,0,0,0,0,0,0,0,0,0,1,1,1,0,0,0,1,0,0,0,0,0,0,7,0,0,0,0,0,0,2,0,0,0,0,0,0,1,0,0
0661DB1C1FBC2E185AC081200951FEA31FADAF0E63D7C5E84276D7BC807296CD (1)_b886f39981.dll,Mono,0,0,0,0,0,0,0,0,0,0,0,0,0,0,0,0,0,0,0,0,0,0,0,0,0,0,0,0,0,0,0,0,0,0,2,0,0,0,0,0,0,1,0,0,0,0,0,0,0,0,0
0661DB1C1FBC2E185AC081200951FEA31FADAF0E63D7C5E84276D7BC807296CD_b886f39981.dll,Mono,0,0,0,0,0,0,0,0,0,0,0,0,0,0,0,0,0,0,0,0,0,0,0,0,0,0,0,0,0,0,0,0,0,0,2,0,0,0,0,0,0,1,0,0,0,0,0,0,0,0,0
069C0171E16163B546E31374F7F19ECB1B457856B9C13B4780D5975C5073130F_eb7ae69368.dll,Mono,0,0,0,0,0,0,0,0,0,0,0,0,0,0,0,0,0,0,0,0,0,0,0,0,0,0,0,0,0,0,0,0,0,0,1,0,0,0,0,0,0,0,0,0,0,0,0,0,0,0,0
06E98D179EF87F9111F727003498624BCC1C6A8375AD8022826334E53EB6FC4C_83efd08e31.dll,Mono,0,0,0,0,0,0,0,0,0,0,0,0,0,0,0,0,0,0,0,0,0,0,0,0,0,0,0,0,0,0,0,0,0,0,1,0,0,0,0,0,0,0,0,0,0,0,0,0,0,0,0
074ADCB42DF59FA5B41A6E911081CB5EE3D8F8A6B74C87F6D0BDCEBE59CACF6B_a6feb8a90c.dll,Mono,0,0,0,0,0,0,0,0,0,0,0,0,0,0,0,0,0,0,0,0,0,0,0,0,0,0,0,0,0,0,0,0,0,0,0,0,0,0,0,0,0,0,0,0,0,0,0,0,0,0,0
079C4D408D9D9A48D869A3E2977066E813F94CDA92673E10D1B73562661EB0AA_d9d8d84d52.dll,Mono,0,0,0,0,0,0,0,0,0,0,0,0,0,0,0,0,0,0,0,0,0,0,0,0,0,0,0,0,0,0,0,0,0,0,7,0,0,0,0,0,0,1,0,0,0,0,0,0,0,0,0
08A756EF57D0F9817C237534D963F4C274227CF446FCEC49DBA765430E79A582_4310339e31.dll,Mono,0,0,0,0,0,0,0,0,0,0,0,0,0,0,0,0,0,0,0,0,0,0,0,0,0,0,0,0,0,0,0,0,0,0,0,0,0,0,0,0,0,0,0,0,0,0,0,0,0,0,0
08A7B062BC8430ECC77306069D309268D5A1EE7D0C97712BC48C7A12002079D2_438a2ab6cd.dll,Mono,0,0,0,0,0,0,0,0,0,0,0,0,0,0,0,0,0,0,0,0,0,0,0,0,0,0,0,0,0,0,0,0,0,0,2,0,0,0,0,0,0,0,0,0,0,0,0,0,0,0,0
09B20B9B9FD4291735699DF6BA526D41A38738A713DE6B2738CBE94D3BFAC5CC_3e047c65ca.dll,Mono,0,0,0,0,0,0,0,0,0,0,0,0,0,0,0,0,0,0,0,0,0,0,0,0,0,0,0,0,0,0,0,0,0,0,4,0,0,0,0,0,0,1,0,0,0,0,0,0,0,0,0
0BB660467A11673B602474FEBBDE5D1A6B6806B4F166D7579E5D8D1A9EB92C96_785e7b86b9.dll,Mono,0,0,0,0,0,0,0,0,0,0,0,0,0,0,0,0,0,0,0,0,0,0,0,0,0,0,0,0,0,0,0,0,0,0,4,0,0,0,0,0,0,1,0,0,0,0,0,0,0,0,0
0CC2DA1CDB513F381477C59216B5E0F688E23FD3271BA781EB15EE043D9DE4BC_16e494c20f.dll,Mono,0,0,0,0,0,0,0,0,0,0,0,0,0,0,0,0,0,0,0,0,0,0,0,0,0,0,0,0,0,0,0,0,0,0,0,0,0,0,0,0,0,0,0,0,0,0,0,0,0,0,0
0CED271EEC2AE9C921955B6DBBB8E1F2D167513DB908B75244E9432F26B829F7_9f3c34b5f8.dll,Mono,1,0,0,0,0,0,0,0,0,3,0,0,0,0,0,0,0,0,0,0,0,0,0,0,0,0,0,0,0,0,0,0,0,0,6,0,0,0,0,0,0,3,0,0,0,0,0,0,0,0,0
0E1981643EE691DD3EB28608ABD1E525DCD654F4F31E978B3DD977D5262653E1_689dfae842.dll,Mono,0,0,0,0,0,0,0,0,0,0,0,0,0,0,0,0,0,0,0,0,0,0,0,0,0,0,0,0,0,0,0,0,0,0,1,0,0,0,0,0,0,1,0,0,0,0,0,0,0,0,0
0EE75E1CF5FAEABBF486AA50CCB0FD95CC18DB58D571C550498D1AC54A21C651_584f041fd5.dll,Mono,3,0,0,1,0,0,0,0,0,8,0,0,0,0,0,0,1,1,0,0,0,1,1,1,1,1,0,1,0,0,0,0,0,0,4,0,0,0,0,0,0,1,0,0,0,0,0,0,1,1,0
0F88C1579EE8D61F4459D827CBAF8FCE130E9142D56C1472428B6C2A3B3A5A2E_b0a162a2c3.dll,Mono,0,0,0,0,0,0,0,0,0,0,0,0,0,0,0,0,0,0,0,0,0,0,0,0,0,0,0,0,0,0,0,0,0,0,4,0,0,0,0,0,0,0,0,0,0,0,0,0,0,0,0
0F8F4880F63B46A2B328CDA23F214B1DE89893A7D95CA9BDDEF2971C6F2B1D69_df45267922.dll,Mono,0,0,0,0,0,0,0,0,0,0,0,0,0,0,0,0,0,0,0,0,0,0,0,0,0,0,0,0,0,0,0,0,0,0,1,0,0,0,0,0,0,0,0,0,0,0,0,0,0,0,0
10E954F27591AE1339014D3D6FE0EAFB38208D0068B7099B963060FAFA140F43_13c1585118.dll,Mono,0,0,0,1,0,0,0,0,0,0,0,0,0,0,0,0,0,0,0,0,0,0,0,0,0,0,0,0,0,0,0,0,0,0,1,0,0,0,0,0,0,0,0,0,0,0,0,0,0,0,0
1224BA01CB3A39924DC43A0111959E311FCBD47822169C684FC13C1922599B31_0f7150ab80.dll,Mono,0,0,0,0,0,0,0,0,0,0,0,0,0,0,0,0,0,0,0,0,0,0,0,0,0,0,0,0,0,0,0,0,0,0,4,0,0,0,0,0,0,0,0,0,0,0,0,0,0,0,0
146A75F4F92EABCB24BF8F2D6B9667CD92873E722747E00C23926DA1540FDF5B_213ebb0ea6.dll,Mono,0,0,0,0,0,0,0,0,0,1,0,0,0,0,0,0,0,0,0,0,0,0,0,0,0,0,0,0,0,0,0,0,0,0,3,0,0,0,0,0,0,1,0,0,0,0,0,0,0,0,0
19455127608FD08734BFCAE04041855AE5BFBD5D6000A589B3DFA13B1AE6E8CF_08ee800100.dll,Mono,0,0,0,0,0,0,0,0,0,0,0,0,0,0,0,0,0,0,0,0,0,0,0,0,0,0,0,0,0,0,0,0,0,0,1,0,0,0,0,0,0,1,0,0,0,0,0,0,0,0,0
1AE4BB8E003BFD0741B91C07E2720DB9FAFC5B250E3E57BF3F1EA13CFCD04B19_689fb7be65.dll,Mono,0,0,0,0,0,0,0,0,0,0,0,0,0,0,0,0,0,0,0,0,0,0,0,0,0,0,0,0,0,0,0,0,0,0,0,0,0,0,0,0,0,0,0,0,0,0,0,0,0,0,0
1B378BC584A54A3DB80082D2E5B1929A5F1081178DA897B531506E0995ACA036_3e7e96f7c6.dll,Mono,0,0,0,0,0,0,0,0,0,0,0,0,0,0,0,0,0,0,0,0,0,0,0,0,0,0,0,0,0,0,0,0,0,0,2,0,0,0,0,0,0,0,0,0,0,0,0,0,0,0,0
1CB228E84ECD810B4648676A9532415335235FD9F02070C20190F40A82A5C784_5cbf090663.dll,Mono,0,0,0,0,0,0,0,0,0,0,0,0,0,0,0,0,0,0,0,0,0,0,0,0,0,0,0,0,0,0,0,0,0,0,0,0,0,0,0,0,0,1,0,0,0,0,0,0,0,0,0
1CDFCF1208075B957CF3B44EE876B9542156B5E1D512F6F1FE58DF85DEC4B20B_4c2802e9bf.dll,Mono,0,0,0,0,0,0,0,0,0,0,0,0,0,0,0,0,0,0,0,0,0,0,0,0,0,0,0,0,0,0,0,0,0,0,0,0,0,0,0,0,0,0,0,0,0,0,0,0,0,0,0
1D727B832FDADEECC0C75FEF5EC70DA08E107A4E44C5C2BFE388A64167CD7A4D_32cfb4ab84.dll,Mono,0,0,0,0,0,0,0,0,0,0,0,0,0,0,0,0,0,0,0,0,0,0,0,0,0,0,0,0,0,0,0,0,0,0,2,0,0,0,0,0,0,0,0,0,0,0,0,0,0,0,0
1E3D6174E6103E83ADD76A62A456EDD124EBC96E130194C3FFFAE347B44A758E_8b30a805b3.dll,Mono,0,0,0,0,0,0,0,0,0,0,0,0,0,0,0,0,0,0,0,0,0,0,0,0,0,0,0,0,0,0,0,0,0,0,1,0,0,0,0,0,0,1,0,0,0,0,0,0,0,0,0
1E5DF8182F495823945820FD6E898AE11D760AF8048A751B86CDC8B4BC5607CB_00cda96f68.dll,Mono,0,0,0,0,0,0,0,0,0,0,0,0,0,0,0,0,0,0,0,0,0,0,0,0,0,0,0,0,0,0,0,0,0,0,0,0,0,0,0,0,0,0,0,0,0,0,0,0,0,0,0
1EFED7C231697A5D57D3C583E8B87A927375BCB9FD3C6E767912E3DA35F3CAB8_a94cbc0d09.dll,Mono,0,0,0,0,0,0,0,0,0,0,0,0,0,0,0,0,0,0,0,0,0,0,0,0,0,0,0,0,0,0,0,0,0,0,0,0,0,0,0,0,0,0,0,0,0,0,0,0,0,0,0
1F27E5B6A6B7249F39CD19BA560F225DF06DD8B5C2237E833BFDD33B2CDBDA12_83f0b9919c.dll,Mono,0,0,0,1,0,0,0,0,0,0,0,0,0,0,0,0,0,0,0,0,0,0,0,0,0,0,0,0,0,0,0,0,0,0,0,0,0,0,0,0,0,0,0,0,0,0,0,0,0,0,0
1F4C2E6D13699426C07DBCFE529EDA86ABBC4788B86F7DDD77D3EC9B5B759BB4_6655b94f87.dll,Mono,0,0,0,0,0,0,0,0,0,0,0,0,0,0,0,0,0,0,0,0,0,0,0,0,0,0,0,0,0,0,0,0,0,0,0,0,0,0,0,0,0,0,0,0,0,0,0,0,0,0,0
212A468C871258D4F66BD834FD0EEAB25290D2C5282278F585D5849D4B5C4342_1fb63bd349.dll,Mono,0,0,0,1,0,0,0,0,0,0,0,0,0,0,0,0,0,0,0,0,0,0,0,0,0,0,0,0,0,0,0,0,0,0,2,0,0,0,0,0,0,0,0,0,4,0,0,0,0,0,0
2130246B5D3447D4C52631A1E4FFF728F790356EE016D64C4208B0BE1786652C_b9f033c2d9.dll,Mono,0,0,0,0,0,0,0,0,0,0,0,0,0,0,0,0,0,0,0,0,0,0,0,0,0,0,0,0,0,0,0,0,0,0,2,0,0,0,0,0,0,0,0,0,0,0,0,0,0,0,0
21A99A9B6906C169DE9CC083C81ECCCAF2E175C9105C87C27C79FC32C15D9BC3_261599f44a.dll,Mono,0,0,0,0,0,0,0,0,0,0,0,0,0,0,0,0,0,0,0,0,0,0,0,0,0,0,0,0,0,0,0,0,0,0,6,0,0,0,0,0,0,1,0,0,0,0,0,0,0,0,0
2210129432D45ED4ED14AC26C77F529BB371593433D0B4162360467B15AADC61_15cf603b34.dll,Mono,0,0,0,1,0,0,0,0,0,0,0,0,0,0,0,0,0,0,0,0,0,0,0,0,0,0,0,0,0,0,0,0,0,0,0,0,0,0,0,0,0,0,0,0,0,0,0,0,0,0,0
2456E30054EBF186C210582806E6F73A64FB460520559EC1CEB178A8E5194220_c74477e7c7.dll,Mono,0,0,0,0,0,0,0,0,0,0,0,0,0,0,0,0,0,0,0,0,0,0,0,0,0,0,0,0,0,0,0,0,0,0,2,0,0,0,0,0,0,1,0,0,0,0,0,0,0,0,0
24CD675EABD5C2A3C2946FA403F6FC2922379104E65DBF67ECC311ACC6316FCB_132ca56e33.dll,Mono,0,0,0,0,0,0,0,0,0,0,0,0,0,0,0,0,0,0,0,0,0,0,0,0,0,0,0,0,0,0,0,0,0,0,13,0,0,0,0,0,0,1,0,0,0,0,0,0,0,0,0
2803EE48609ABDC6585D7D33BEC09A69C0D19A1E0CF31279CCBD8005F9F37001_90ef9ba3a1.dll,Mono,0,0,0,0,0,0,0,0,0,0,0,0,0,0,0,0,0,0,0,0,0,0,0,0,0,0,0,0,0,0,0,0,0,0,0,0,0,0,0,0,0,0,0,0,0,0,0,0,0,0,0
282F377BC5D7D3A92F2C6D6D8EADF0A61E19B6460B13A8C35883172015E7FDA3_696c0943d8.dll,Mono,0,0,0,0,0,0,0,0,0,0,0,0,0,0,0,0,0,0,0,0,0,0,0,0,0,0,0,0,0,0,0,0,0,0,1,0,0,0,0,0,0,0,0,0,0,0,0,0,0,0,0
2A8BBFFE587C7CDF292D1758F8F1257A57D56456693358E4705732B69DAFE93B_72669ceb0f.dll,Mono,0,0,0,0,0,0,0,0,0,0,0,0,0,0,0,0,0,0,0,0,0,0,0,0,0,0,0,0,0,0,0,0,0,0,10,0,0,0,0,0,0,2,0,2,0,0,0,0,0,0,0
2B7E25FBC6FF4540F85C838DCEF87EFF5A9887DEC6291E6A8C9A6721B10261B3_e7ede640f2.dll,Mono,0,0,0,0,0,0,0,0,0,3,0,0,0,0,0,0,0,0,0,0,0,0,0,0,0,0,0,0,0,0,0,0,0,0,0,0,0,0,0,0,0,0,0,0,0,0,0,0,0,0,0
2B8EC04F7F7C9C5522B12F0C5CC8703A4A25B963F4B8D4221B8F13094E95F9F0_e65523d875.dll,Mono,0,0,0,0,0,0,0,0,0,2,0,0,0,0,0,0,0,0,0,0,0,1,1,1,1,1,0,1,0,0,0,0,0,0,1,0,0,0,0,0,0,0,0,0,0,0,0,0,1,1,0
2D072A8B2A1555F9DA2F9B37E9F193C4CE144E358E76C6A4BFA6F33DCF3C4BE8_342063afa4.dll,Mono,0,0,0,0,0,0,0,0,0,7,0,0,0,0,0,0,0,0,0,0,0,0,0,0,0,0,0,0,0,0,0,0,0,0,2,0,0,0,0,0,0,1,0,0,0,0,0,0,0,0,0
2D61D275A3EB321736E66024B06DDF9FD4DFA1C6C1BA5EF84812D3E8076EE39C_7d672de167.dll,Mono,0,0,0,0,0,0,0,0,0,0,0,0,0,0,0,0,0,0,0,0,0,0,0,0,0,0,0,0,0,0,0,0,0,0,6,0,0,0,0,0,0,0,0,0,0,0,0,0,0,0,0
30F3FD5707C7133D15DC2C9AA78C6CF04482F0DA7F6C92E0BAD20D86ED121181_8a85256452.dll,Mono,0,0,0,0,0,0,0,0,0,0,0,0,0,0,0,0,0,0,0,0,0,0,0,0,0,0,0,0,0,0,0,0,0,0,0,0,0,0,0,0,0,0,0,0,0,0,0,0,0,0,0
32F89F6A0CE6B2FCA6B6717AEAA2DDE5A9636E8F9A694D96F94591A4AB7C2841_01c5bcd080.dll,Mono,0,0,0,0,0,0,0,0,0,0,0,0,0,0,0,0,0,0,0,0,0,0,0,0,0,0,0,0,0,0,0,0,0,0,0,0,0,0,0,0,0,0,0,0,0,0,0,0,0,0,0
33925DBAB82EDFC59862D58C43E4A3D60E80A2B82BBBECE47C3A2A53020798B7_13c3c6d06d.dll,Mono,0,0,0,1,0,0,0,0,0,0,0,0,0,0,0,0,0,0,0,0,0,0,0,0,0,0,0,0,0,0,0,0,0,0,1,0,0,0,0,0,0,1,0,0,0,0,0,0,0,0,0
340F0E51A7D7CE659FA7EC2C1856872C02203F64EA92C409E6FDD01B9C83B4DA_d9e09a2bea.dll,Mono,0,0,0,0,0,0,0,0,0,0,0,0,0,0,0,0,0,0,0,0,0,0,0,0,0,0,0,0,0,0,0,0,0,0,5,0,0,0,0,0,0,1,0,0,0,0,0,0,0,0,0
345252618CC770AB6B4E614020346F2CED3D8744667717F51F41F5C5300EDE13_5801a39bd2.dll,Mono,0,0,0,0,0,0,0,0,0,0,0,0,0,0,0,0,0,0,0,0,0,0,0,0,0,0,0,0,0,0,0,0,0,0,0,0,0,0,0,0,0,0,0,0,0,0,0,0,0,0,0
34552A1B447D17F744881776B4436D187861F17718A2FBA0E5587C00C3969557_8e87321e88.dll,Mono,0,0,0,0,0,0,0,0,0,0,0,0,0,0,0,0,0,0,0,0,0,0,0,0,0,0,0,0,0,0,0,0,0,0,1,0,0,0,0,0,0,0,0,0,0,0,0,0,0,0,0
366DE90596182CC07204F0B420B55A811A653ED2F23230A9510D0576BD26C653_488611e774.dll,Mono,0,0,0,0,0,0,0,0,0,0,0,0,0,0,0,0,0,0,0,0,0,0,0,0,0,0,0,0,0,0,0,0,0,0,5,0,0,0,0,0,0,1,0,0,0,0,0,0,0,0,0
39878E745EEBD65D4C6C5D6DD3ECC0E8D8AD2CDA0731887038434AB9B03EF811_685d5f5a0a.dll,Mono,0,0,0,0,0,0,0,0,0,12,0,0,0,0,0,0,0,0,0,0,0,0,0,0,0,0,0,0,0,0,0,0,0,0,8,0,0,0,0,0,0,1,0,0,0,0,0,0,0,0,0
399B4CED9DBE56F6090D2604717908A6B28B78E19A5AEEEA75A4EC70C2B0E9E7_89f5d27eef.dll,Mono,0,0,0,1,0,0,0,0,0,0,0,0,0,0,0,0,0,0,0,0,0,0,0,0,0,0,0,0,0,0,0,0,0,0,6,0,0,0,0,0,0,0,0,0,0,0,0,0,0,0,0
39C35C3951E5D2E5B6E10A30CADBFFBBE6D9E6F56C4509BC74E33017929D0D96_e8823c2c89.dll,Mono,0,0,0,0,0,0,0,0,0,0,0,0,0,0,0,0,0,0,0,0,0,0,0,0,0,0,0,0,0,0,0,0,0,0,1,0,0,0,0,0,0,1,0,0,0,0,0,0,0,0,0
3A839894F2F7F920CF6C574683173312C1B656AC65E9B9E32194BBF1F15A3ED7_13eac90dce.dll,Mono,0,0,0,1,0,0,0,0,0,0,0,0,0,0,0,0,0,0,0,0,0,0,0,0,0,0,0,0,0,0,0,0,0,0,4,0,0,0,0,0,0,1,0,0,0,0,0,0,0,0,0
3CC17A26C45E7D3C2879E910738427277242F8C1C8709520D16A18123EEE1906_de8bef78c8.dll,Mono,0,0,0,0,0,0,0,0,0,0,0,0,0,0,0,0,0,0,0,0,0,0,0,0,0,0,0,0,0,0,0,0,0,0,0,0,0,0,0,0,0,0,0,0,0,0,0,0,0,0,0
3CD9236DFFA613B26D541E2062FF75C2B580A0ACD7219D85DAD2C90E04335B29_74c1921c03.dll,Mono,0,0,0,0,0,0,0,0,0,0,0,0,0,0,0,0,0,0,0,0,0,0,0,0,0,0,0,0,0,0,0,0,0,0,0,0,0,0,0,0,0,0,0,0,0,0,0,0,0,0,0
3D8A9E949F27A11BFAD4223E4CAA399DB17333E95C4EC5BB7C29FC0247529F9B_2e14520d37.dll,Mono,0,0,0,0,0,0,0,0,0,0,0,0,0,0,0,0,0,0,0,0,0,0,0,0,0,0,0,0,0,0,0,0,0,0,0,0,0,0,0,0,0,0,0,0,0,0,0,0,0,0,0
3E11D58F049A892EEEE3BD0D4EDC66A7A6DB46C5E4FE7C5AE0F48D2638469907_f912667f7b.dll,Mono,0,0,0,0,0,0,0,0,0,0,0,0,0,0,0,0,0,0,0,0,0,0,0,0,0,0,0,0,0,0,0,0,0,0,2,0,0,0,0,0,0,2,0,0,0,0,0,0,0,0,0
3E6022F9534BCF06AF5EB0C9DD848EE670E581915437A82EB9C34042DDA6A2B8_6636099044.dll,Mono,0,0,0,0,0,0,0,0,0,0,0,0,0,0,0,0,0,0,0,0,0,0,0,0,0,0,0,0,0,0,0,0,0,0,1,0,0,0,0,0,0,1,0,0,0,0,0,0,0,0,0
41363EB7616894A4D130A4BCE32E8BC57A606CA3E77E577A9E6E94831D57829B_6a56463efa.dll,Mono,0,0,0,0,0,0,0,0,0,0,0,0,0,0,0,0,0,0,0,0,0,0,0,0,0,0,0,0,0,0,0,0,0,0,3,0,0,0,0,0,0,1,0,0,0,0,0,0,0,0,0
4273268CB08E35ABB7F9D45B2CEB05DF2FC613687A904B07A67178C33990FA36_e4879a7079.dll,Mono,0,0,0,0,0,0,0,0,0,0,0,0,0,0,0,0,0,0,0,0,0,0,0,0,0,0,0,0,0,0,0,0,0,0,1,0,0,0,0,0,0,1,0,0,0,0,0,0,0,0,0
43806718ACA2A0CF3E913761E6FEA068DA515139DAE3310539E5428C339694E5_4cbf70cfd5.dll,Mono,0,0,0,0,0,0,0,0,0,0,0,0,0,0,0,0,0,0,0,0,0,0,0,0,0,0,0,0,0,0,0,0,0,0,1,0,0,0,0,0,0,0,0,0,0,0,0,0,0,0,0
445D39FD9A4FFCB219ED817C97E07FDF2B6DAD19DDEA9216A5A3FA9C5F4CF0FF_e696081a97.dll,Mono,0,0,0,0,0,0,0,0,0,0,0,0,0,0,0,0,0,0,0,0,0,0,0,0,0,0,0,0,0,0,0,0,0,0,0,0,0,0,0,0,0,0,0,0,0,0,0,0,0,0,0
4463FA786352BF37038FA6BD768BBBFE78F36BBFC77A93C187C63E026F2BD023_00caa9f04c.dll,Mono,0,0,0,0,0,0,0,0,0,0,0,0,0,0,0,0,0,0,0,0,0,0,0,0,0,0,0,0,0,0,0,0,0,0,0,0,0,0,0,0,0,0,0,0,0,0,0,0,0,0,0
45ECD316DE89E46AA87B609F80BF62762608D1DC106475CBC4C1A6DFBFD382B7_cf513c8cda.dll,Mono,0,0,0,1,0,0,0,0,0,0,0,0,0,0,0,0,0,0,0,0,0,0,0,0,0,0,0,0,0,0,0,0,0,0,4,0,0,0,0,0,0,1,0,0,0,0,0,0,0,0,0
468B172A857A9395558F5B6EB7534CCCBB3B47F5D0BBA934DB44A9AE6DDC44B8_f7a46f21b9.dll,Mono,0,0,0,0,0,0,0,0,0,1,0,0,0,0,0,0,0,0,0,0,0,0,0,0,0,0,0,0,0,0,0,0,0,0,6,0,0,0,0,0,0,0,0,0,0,0,0,0,0,0,0
468EEB471DE034DCC851F6D0A948C138722ECCB14FF2776CC4A3CA2E796B2D4A_cf513c8cda.dll,Mono,0,0,0,1,0,0,0,0,0,0,0,0,0,0,0,0,0,0,0,0,0,0,0,0,0,0,0,0,0,0,0,0,0,0,4,0,0,0,0,0,0,1,0,0,0,0,0,0,0,0,0
47B077B8248C743CB85D9DD5D53AE53F9A5D366A36E5692BD365CEF03DD82E76_512d5828bc.dll,Mono,0,0,0,0,0,0,0,0,0,2,0,0,0,0,0,0,0,0,0,0,0,1,1,1,1,1,0,1,0,0,0,0,0,0,0,0,0,0,0,0,0,0,0,0,0,0,0,0,1,1,0
47BEB6F9DD37143E3200BBB8E357B366BC44ED4DD940E9985FDC8E8B7F6FBC58_d5189cc687.dll,Mono,0,0,0,1,0,0,0,0,0,0,0,0,0,0,0,0,0,0,0,0,0,0,0,0,0,0,0,0,0,0,0,0,0,0,0,0,0,0,0,0,0,0,0,0,0,0,0,0,0,0,0
4988D1BE861ECF12EEA4104481304004B3537096F15BACB0B4933D213FC5E761_32d99d1cb9.dll,Mono,0,0,0,0,0,0,0,0,0,0,0,0,0,0,0,0,0,0,0,0,0,0,0,0,0,0,0,0,0,0,0,0,0,0,13,0,0,0,0,0,0,1,0,0,0,0,0,0,0,0,0
49D6193519F4E3223530DE3A7F0771F6CEFF8CD2B2989EBC4E06397E1A590956_bbebfb9ef0.dll,Mono,0,0,0,0,0,0,0,0,0,0,0,0,0,0,0,0,0,0,0,0,0,0,0,0,0,0,0,0,0,0,0,0,0,0,0,0,0,0,0,0,0,0,0,0,0,0,0,0,0,0,0
4AC27B00FB5FD8A044FBBEBC7008F1E67C41E03FDC28AE716079B80BFDEA432B_41311de3b1.dll,Mono,0,0,0,0,0,0,0,0,0,0,0,0,0,0,0,0,0,0,0,0,0,0,0,0,0,0,0,0,0,0,0,0,0,0,1,0,0,0,0,0,0,1,0,0,0,0,0,0,0,0,0
4C170CB8D15CEB50C374158F134615F9C5CC80705247A3C72AB7623E654EFA23_b977171d5b.dll,Mono,0,0,0,2,0,0,0,0,0,0,0,0,0,0,0,0,0,0,0,0,0,0,0,0,0,0,0,0,0,0,0,0,0,0,279,0,0,0,0,0,0,2,0,0,0,0,0,0,0,0,0
503F8B5C887183709B8301FE17E946C3D5D808B5DC963213E4807EAC5833AF48_2e598a1351.dll,Mono,0,0,0,0,0,0,0,0,0,0,0,0,0,0,0,0,0,0,0,0,0,0,0,0,0,0,0,0,0,0,0,0,0,0,22,0,0,0,0,0,0,1,0,1,0,0,0,0,0,0,0
50936CD8B2F41F4CE432D2596BAAB9C179561DC20E5A1E9EC2AEDA34B18AB1F7_0b60cbe0ca.dll,Mono,0,0,0,0,0,0,0,0,0,0,0,0,0,0,0,0,0,0,0,0,0,0,0,0,0,0,0,0,0,0,0,0,0,0,2,0,0,0,0,0,0,2,0,0,0,0,0,0,0,0,0
51B4100428468B1B98AC81BB2F0A864EB707E691D65257AE9AE5E47C49C26171_6ef5fbcfc0.dll,Mono,0,0,0,0,0,0,0,0,0,0,0,0,0,0,0,0,0,0,0,0,0,0,0,0,0,0,0,0,0,0,0,0,0,0,0,0,0,0,0,0,0,0,0,0,0,0,0,0,0,0,0
51DB03DCC04C3D3A3B82D17FF98D0DF79457ADF44696D1585814D6603CFE2E7F_143cf18ffd.dll,Mono,0,0,0,0,0,0,0,0,0,0,0,0,0,0,0,0,0,0,0,0,0,0,0,0,0,0,0,0,0,0,0,0,0,0,9,0,0,0,0,0,0,0,0,0,0,0,0,0,0,0,0
54D91763B417CE7B4CB756DE56730FEDFED5FB210296A02038826F37B6D99704_b372b6ad64.dll,Mono,0,0,0,0,0,0,0,0,0,0,0,0,0,0,0,0,0,0,0,0,0,0,0,0,0,0,0,0,0,0,0,0,0,0,1,0,0,0,0,0,0,0,0,0,0,0,0,0,0,0,0
551D395ADF312D6FBE986F715AAB81ED73BCCFEB97CE090819B406A02C58346F_d542e35f93.dll,Mono,0,0,0,0,0,0,0,0,0,0,0,0,0,0,0,0,0,0,0,0,0,0,0,0,0,0,0,0,0,0,0,0,0,0,0,0,0,0,0,0,0,0,0,0,0,0,0,0,0,0,0
55C58BF49BA7532FD76234F027D19423098F5C4A8D0F0866D1D1B8C27D6140B9_6330a56c78.dll,Mono,0,0,0,0,0,0,0,0,0,0,0,0,0,0,0,0,0,0,0,0,0,0,0,0,0,0,0,0,0,0,0,0,0,0,3,0,0,0,0,0,0,1,0,0,0,0,0,0,0,0,0
57D5BAEB75D90837E7173698AA33AFDE06998FE3A50BFD046D8572AD9EC8BD3F_9dbf5cc610.dll,Mono,0,0,0,0,0,0,0,0,0,0,0,0,0,0,0,0,0,0,0,0,0,0,0,0,0,0,0,0,0,0,0,0,0,0,4,0,0,0,0,0,0,2,0,0,0,0,0,0,0,0,0
583135B5B43922E666BB538A50C13257A666D1A16964183ACC075EC6CDE5E874_e894ac1955.dll,Mono,0,0,0,0,0,0,0,0,0,0,0,0,0,0,0,0,0,0,0,0,0,0,0,0,0,0,0,0,0,0,0,0,0,0,0,0,0,0,0,0,0,0,0,0,0,0,0,0,0,0,0
5846791BB59DE71079479BDF51EE7FE919A2CCF912F1B4930EF43866BCD5B746_1a8a760f13.dll,Mono,0,0,0,0,0,0,0,0,0,0,0,0,0,0,0,0,0,0,0,0,0,0,0,0,0,0,0,0,0,0,0,0,0,0,2,0,0,0,0,0,0,0,0,0,0,0,0,0,0,0,0
5877BCCCC2B979FF9E3F791A059FC32DDF85406BA2CF84BA948FF60195319F68_4c019bf735.dll,Mono,0,0,0,0,0,0,0,0,0,0,0,0,0,0,0,0,0,0,0,0,0,0,0,0,0,0,0,0,0,0,0,0,0,0,2,0,0,0,0,0,0,3,0,0,0,0,0,0,0,0,0
59A12E3888E1884A1033F1A2DB57E3594098DAEAE6C75E8CAD658DA1437A6343_6ec638105a.dll,Mono,0,0,0,0,0,0,0,0,0,0,0,0,0,0,0,0,0,0,0,0,0,0,0,0,0,0,0,0,0,0,0,0,0,0,9,0,0,0,0,0,0,1,0,0,0,0,0,0,0,0,0
59CC3F46AC755DD88D4DB82041F41799F3A33C2574A5AB6A7145BA8939571273_364102995f.dll,Mono,2,0,0,0,0,0,0,0,0,0,2,0,0,0,0,0,0,0,0,0,0,0,0,0,0,0,0,0,0,0,0,0,0,0,59,0,0,0,0,0,0,5,0,0,0,0,0,0,0,0,0
5C9CF9F9996DEF58C0FD4352835C2A7455225AC2E673D7E340696A2EBD35F89F_edaf8b97e9.dll,Mono,0,0,0,0,0,0,0,0,0,0,0,0,0,0,0,0,0,0,0,0,0,0,0,0,0,0,0,0,0,0,0,0,0,0,1,0,0,0,0,0,0,0,0,0,0,0,0,0,0,0,0
5D96A5702A979801ACB09008093328869A592EC6B1ECF21CB5A97173142A75F4_0cb0f0ccc1.dll,Mono,0,0,0,0,0,0,0,0,0,0,0,0,0,0,0,0,0,0,0,0,0,0,0,0,0,0,0,0,0,0,0,0,0,0,2,0,0,0,0,0,0,0,0,0,0,0,0,0,0,0,0
5DF85DDFAD3A0427BDEDF8B25131BD7C64EE6352C4874938FFB31DEFAE42AE15_fe59648b9c.dll,Mono,0,0,0,0,0,0,0,0,0,0,0,0,0,0,0,0,0,0,0,0,0,0,0,0,0,0,0,0,0,0,0,0,0,0,11,0,0,0,0,0,0,1,0,0,0,0,0,0,0,0,0
5E8D5F68FC82614179EBFAAE9ADA3B72107421B05C42D22F4920534FE3D185E2_90034c8536.dll,Mono,0,0,0,0,0,0,0,0,0,0,0,0,0,0,0,0,0,0,0,0,0,0,0,0,0,0,0,0,0,0,0,0,0,0,1,0,0,0,0,0,0,0,0,0,4,0,0,0,0,0,0
5ECAFB836F580B0BE59E1CBDB0C75B19381504CFC7E4249CC16FC246FAB7F5C4_6b018d6c30.dll,Mono,0,0,0,1,0,0,0,0,0,0,0,0,0,0,0,0,0,0,0,0,0,0,0,0,0,0,0,0,0,0,0,0,0,0,4,0,0,0,0,0,0,0,0,0,0,0,0,0,0,0,0
5F7AD8841F3F143ED50B06BFA0E38016DCBFF0DD8E36A230F4571DA5292F35C7_5bc333b389.dll,Mono,0,0,0,1,0,0,0,0,0,0,0,0,0,0,0,0,0,0,0,0,0,0,0,0,0,0,0,0,0,0,0,0,0,0,3,0,0,0,0,0,0,0,0,0,0,0,0,0,0,0,0
5FEAA8B6D8D969D542ECD432FF66B812C66319E4D5BC124E637B427CE675F44D_4ebf6122d6.dll,Mono,0,0,0,1,0,0,0,0,0,0,0,0,0,0,0,0,0,0,0,0,0,0,0,0,0,0,0,0,0,0,0,0,0,0,10,0,0,0,0,0,0,0,0,0,0,0,0,0,0,0,0
60B7C39CC25D3D3186B3DC19C2F6CA4701E4544588063C8A28E198F85DF446F5_673890bd26.dll,Mono,0,0,0,1,0,0,0,0,0,0,0,0,0,0,0,0,0,0,0,0,0,0,0,0,0,0,0,0,0,0,0,0,0,0,0,0,0,0,0,0,0,0,0,0,0,0,0,0,0,0,0
6121CFFC44C62764C3564549C30317EA739499DB8ADCA144A3C79F61636F4BCC_dcc8d321bc.dll,Mono,0,0,0,0,0,0,0,0,0,0,0,0,0,0,0,0,0,0,0,0,0,0,0,0,0,0,0,0,0,0,0,0,0,0,0,0,0,0,0,0,0,0,0,0,0,0,0,0,0,0,0
62133CE3C2C08BE5249C8FC0DCB9315FB4E2C9A937D84DC9267DCCD6C4AC0669_a1c9457868.dll,Mono,0,0,0,0,0,0,0,0,0,0,0,0,0,0,0,0,0,0,0,0,0,0,0,0,0,0,0,0,0,0,0,0,0,0,1,0,0,0,0,0,0,0,0,0,0,0,0,0,0,0,0
62BF9019C003672CE3BD8010C7B8CA5013DED98FA6A4C9CCD156BAAD5FF84AA3_5284662625.dll,Mono,1,0,0,0,0,0,0,0,0,0,0,0,0,0,0,0,0,0,0,0,0,0,0,0,0,0,0,0,0,0,0,0,0,0,3,0,0,0,0,0,0,1,0,0,0,0,0,0,0,0,0
63DB8EF44912303EE9DF680F932EA1DC230B241209D226BD6AECDBA66A740E99_4b81185214.dll,Mono,0,0,0,0,0,0,0,0,0,0,0,0,0,0,0,0,0,0,0,0,0,0,0,0,0,0,0,0,0,0,0,0,0,0,5,0,0,0,0,0,0,0,0,0,0,0,0,0,0,0,0
6652422C89ADCEDF1C845121D99D1E38FBC53492EBB3482B27DE287B94B975E9_40556cd06d.dll,Mono,0,0,0,0,0,0,0,0,0,0,0,0,0,0,0,0,0,0,0,0,0,0,0,0,0,0,0,0,0,0,0,0,0,0,4,0,0,0,0,0,0,0,0,0,0,0,0,0,0,0,0
679D849036D66439427D94970439DE7782E590726DF92CF816B367BC2C631D84_0b2dea70e6.dll,Mono,0,0,0,0,0,0,0,0,0,0,0,0,0,0,0,0,0,0,0,0,0,0,0,0,0,0,0,0,0,0,0,0,0,0,0,0,0,0,0,0,0,0,0,0,0,0,0,0,0,0,0
68B0F321D61193DCD5372480A24A5133271A1080EF79B0D37246F2D88DA51A9B_1ee5385674.dll,Mono,0,0,0,0,0,0,0,0,0,0,0,0,0,0,0,0,0,0,0,0,0,0,0,0,0,0,0,0,0,0,0,0,0,0,1,0,0,0,0,0,0,0,0,0,0,0,0,0,0,0,0
68EE15A8C69DC29585348834C3D0332CE6C946E2E3A1E02BB3ACEFD02BD4C176_adf1041a66.dll,Mono,0,0,0,0,0,0,0,0,0,0,0,0,0,0,0,0,0,0,0,0,0,0,0,0,0,0,0,0,0,0,0,0,0,0,2,0,0,0,0,0,0,1,0,0,0,0,0,0,0,0,0
691BDB205A8D7B7EE8AC48E6A93260DCCC91AC09B0BFB11F56D8128543BA90E2_00caa9f04c.dll,Mono,0,0,0,0,0,0,0,0,0,0,0,0,0,0,0,0,0,0,0,0,0,0,0,0,0,0,0,0,0,0,0,0,0,0,0,0,0,0,0,0,0,0,0,0,0,0,0,0,0,0,0
6955F1A8D2385827FC7D523FC356A1DC3DCEB7FE5B8565DD9C93CEF2D171F602_5d866ad23a.dll,Mono,0,0,0,0,0,0,0,0,0,0,0,0,0,0,0,0,0,0,0,0,0,0,0,0,0,0,0,0,0,0,0,0,0,0,4,0,0,0,0,0,0,0,0,0,0,0,0,0,0,0,0
6959EA802CDE9591B3F10EEED1C2DAF2E92CE75C5A8997208B39EAB08AA8FE9F_e322f7c705.dll,Mono,2,0,0,0,0,0,0,0,0,0,0,0,0,0,0,0,0,0,0,0,0,0,0,0,0,0,0,0,0,0,0,0,0,0,0,0,0,0,0,0,0,0,0,0,0,0,0,0,0,0,0
69F94600D843E1070B956571867E424F8992629334B9A88E5705F9CDA0C56811_ce2241e271.dll,Mono,1,0,0,2,0,0,0,0,0,12,0,0,0,0,0,0,0,0,0,0,0,1,1,1,1,1,0,1,0,0,0,0,0,0,8,0,0,0,0,0,0,2,0,2,0,0,0,0,1,1,0
6A2D98343C1424D49215714326975658FBD931051D4F51550F21223DDB07B9C4_365fa5a7a0.dll,Mono,0,0,0,0,0,0,0,0,0,0,0,0,0,0,0,0,0,0,0,0,0,0,0,0,0,0,0,0,0,0,0,0,0,0,0,0,0,0,0,0,0,0,0,0,0,0,0,0,0,0,0
6A95EE72F149AACC001ED5B8D46B09AAB7A251B4661F4309F5F6362DF9011D06_3475705108.dll,Mono,0,0,0,0,0,0,0,0,0,0,0,0,0,0,0,0,0,0,0,0,0,0,0,0,0,0,0,0,0,0,0,0,0,0,0,0,0,0,0,0,0,0,0,0,0,0,0,0,0,0,0
6B23936EF9B68C7DE2A1BC98041EB6A8CF44D0A5DCAB574DEC48966295282846_54c4d517eb.dll,Mono,0,0,0,0,0,0,0,0,0,0,0,0,0,0,0,0,0,0,0,0,0,0,0,0,0,0,0,0,0,0,0,0,0,0,1,0,0,0,0,0,0,0,0,0,0,0,0,0,0,0,0
6E288BDCE9807A72566E15A0A58D3A1A16D1553B847E926857978DCB49923482_adc942741e.dll,Mono,0,0,0,0,0,0,0,0,0,0,0,0,0,0,0,0,0,0,0,0,0,0,0,0,0,0,0,0,0,0,0,0,0,0,2,0,0,0,0,0,0,1,0,0,0,0,0,0,0,0,0
70790262B9260065B19EAEEEC94843E0C40870ACD7F2815D15B4DE4555668439_5bc333b389.dll,Mono,0,0,0,1,0,0,0,0,0,0,0,0,0,0,0,0,0,0,0,0,0,0,0,0,0,0,0,0,0,0,0,0,0,0,3,0,0,0,0,0,0,0,0,0,0,0,0,0,0,0,0
710774C367974FE60907BEF288A5C1F106C4C16D870C33A595AC4A410CC558FA_5e9ea4d193.dll,Mono,0,0,0,0,0,0,0,0,0,0,0,0,0,0,0,0,0,0,0,0,0,0,0,0,0,0,0,0,0,0,0,0,0,0,0,0,0,0,0,0,0,0,0,0,0,0,0,0,0,0,0
723EDA5CF0B1893EE32EB6B85DABF30291DD42CCA73C12D4D1A0B763196C855E_69d5200b20.dll,Mono,0,0,0,0,0,0,0,0,0,0,0,0,0,0,0,0,0,0,0,0,0,0,0,0,0,0,0,0,0,0,0,0,0,0,1,0,0,0,0,0,0,0,0,0,0,0,0,0,0,0,0
7347C740E4B69BA2BF29805E25B2FB95BC333B72BC10CD0F46A27DB63CD325BB_efa21833b4.dll,Mono,0,0,0,0,0,0,0,0,0,0,0,0,0,0,0,0,0,0,0,0,0,0,0,0,0,0,0,0,0,0,0,0,0,0,1,0,0,0,0,0,0,0,0,0,0,0,0,0,0,0,0
75578165F768F7E50D2F06B531236F1E019B519E3784F83E858E4D6E354E6009_7325218900.dll,Mono,0,0,0,0,0,0,0,0,0,0,0,0,0,0,0,0,0,0,0,0,0,0,0,0,0,0,0,0,0,0,0,0,0,0,10,0,0,0,0,0,0,2,0,2,0,0,0,0,0,0,0
773E29606ACDA6D4A5A21535B7F3359BDCD21220A4474ADF0477B2FD71AEA89F_2a1be2bb31.dll,Mono,1,0,0,0,0,0,0,0,0,0,0,0,0,0,0,0,0,0,0,0,0,0,0,0,0,0,0,0,0,0,0,0,0,0,22,0,0,0,0,0,0,0,0,0,0,0,0,0,0,0,0
7827DBB90C8E715C4240127B54DADD3EE3B8B5301DA1EBB65BC6984106975B7C_404acd29a6.dll,Mono,0,0,0,0,0,0,0,0,0,0,0,0,0,0,0,0,0,0,0,0,0,0,0,0,0,0,0,0,0,0,0,0,0,0,1,0,0,0,0,0,0,1,0,0,0,0,0,0,0,0,0
78A01CAA0B29406F39908E02B493A8D3ADD6288AD43D952D6FCD24B0BC94AE40_a97ac7a62f.dll,Mono,0,0,0,1,0,0,0,0,0,0,0,0,0,0,0,0,0,0,0,0,0,0,0,0,0,0,0,0,0,0,0,0,0,0,2,0,0,0,0,0,0,0,0,0,0,0,0,0,0,0,0
793A433D511501749A8EF6360FD180D178D744E88C1EC765915F87B0F2C78D91_b3ed4feefa.dll,Mono,0,0,0,0,0,0,0,0,0,0,0,0,0,0,0,0,0,0,0,0,0,0,0,0,0,0,0,0,0,0,0,0,0,0,1,0,0,0,0,0,0,0,0,0,0,0,0,0,0,0,0
799BF0B1A1F83C40F701C6A67D9765104998AF5A807D3DB9FF7B822161FA11AF_80d7d20d98.dll,Mono,0,0,0,0,0,0,0,0,0,0,0,0,0,0,0,0,0,0,0,0,0,0,0,0,0,0,0,0,0,0,0,0,0,0,3,0,0,0,0,0,0,1,0,0,0,0,0,0,0,0,0
79CC198DFF63698898FB1BB017A7F36BDAA354904C7D8B962D1435169DECB054_b81e64331b.dll,Mono,0,0,0,1,0,0,0,0,0,0,0,0,0,0,0,0,0,0,0,0,0,0,0,0,0,0,0,0,0,0,0,0,0,0,4,0,0,0,0,0,0,0,0,0,0,0,0,0,0,0,0
7A76900B9C37F3F9382EEFB1B85F16B972A096A88CDA6140AB39EF50457F0014_e7b7bc156b.dll,Mono,0,0,0,1,0,0,0,0,0,8,0,0,0,0,0,0,0,0,0,0,0,1,1,1,1,1,0,1,0,0,0,0,0,0,3,0,0,0,0,0,0,1,0,0,0,0,0,0,1,1,0
7BEE26DB372A9BD15E6C980F35BFB389306B0ED6F7D0C4A5B9B66577EB59E32E_b9f033c2d9.dll,Mono,0,0,0,0,0,0,0,0,0,0,0,0,0,0,0,0,0,0,0,0,0,0,0,0,0,0,0,0,0,0,0,0,0,0,2,0,0,0,0,0,0,0,0,0,0,0,0,0,0,0,0
7C18BEC860866F4C002CB1096A618756B3EA5447A572F4B684DC6AA59A8954B5_b9ff83c768.dll,Mono,1,0,0,1,0,0,0,0,0,1,0,0,0,0,0,0,0,0,0,0,0,0,0,0,0,0,0,0,0,0,0,0,0,0,7,0,0,0,0,0,0,0,0,0,0,0,0,0,0,0,0
7C8FCC787BAC4BB5A8BFDD773ECB4650165653CE911017DA00222BCFE519A121_70f3df10cc.dll,Mono,0,0,0,0,0,0,0,0,0,0,0,0,0,0,0,0,0,0,0,0,0,0,0,0,0,0,0,0,0,0,0,0,0,0,0,0,0,0,0,0,0,0,0,0,0,0,0,0,0,0,0
7CDBB591676996D5F1175EC3B8DB3B91049974653C4693A03596DECC73C4C2FE_59f0c30e81.dll,Mono,0,0,0,1,0,0,0,0,0,0,0,0,0,0,0,0,0,0,0,0,0,0,0,0,0,0,0,0,0,0,0,0,0,0,1,0,0,0,0,0,0,0,0,0,0,0,0,0,0,0,0
7DCDFC4477D88D68D406563137F6CB8554158CC15EFCE490EB8DC226E097CBD6_3b10966260.dll,Mono,0,0,0,0,0,0,0,0,0,0,0,0,0,0,0,0,0,0,0,0,0,0,0,0,0,0,0,0,0,0,0,0,0,0,0,0,0,0,0,0,0,0,0,0,0,0,0,0,0,0,0
7E65B3EAA478C9B31BAF90ECE35CF91C92550AFB50E2F5ED3B3D5198E675FF1E_c7df818ce5.dll,Mono,0,0,0,0,0,0,0,0,0,0,0,0,0,0,0,0,0,0,0,0,0,0,0,0,0,0,0,0,0,0,0,0,0,0,5,0,0,0,0,0,0,1,0,0,0,0,0,0,0,0,0
80130A2142239F4C4B061C2F529DF4C8182F7636246BBEA3DB561DD3CDF55BAD_7f9a649510.dll,Mono,0,0,0,1,0,0,0,0,0,0,1,0,0,0,0,0,0,0,0,0,0,0,0,0,0,0,0,0,0,0,0,0,0,0,8,0,0,0,0,0,0,1,0,0,0,0,0,0,0,0,0
809BA68CC1F950CF56E8D8553C7F287E242EFF271F7F47351D592A477BF546EA_1666d12caf.dll,Mono,0,0,0,0,0,0,0,0,0,2,0,0,0,0,0,0,0,0,0,0,0,1,1,1,0,0,0,1,0,0,0,0,0,0,0,0,0,0,0,0,0,0,0,0,0,0,0,0,1,0,0
8173EE13A4AE58A81256BA153AC1C934362012C2226D7B04BCEEE0675F32B2A1_029467b6f8.dll,Mono,0,0,0,1,0,0,0,0,0,0,0,0,0,0,0,0,0,0,0,0,0,0,0,0,0,0,0,0,0,0,0,0,0,0,4,0,0,0,0,0,0,1,0,0,0,0,0,0,0,0,0
81A2E656799CC846F1185507AAD038E0D8AA5680D24A754F7FCEBD08FDD43D15_05d23dacdf.dll,Mono,0,0,0,0,0,0,0,0,0,0,0,0,0,0,0,0,0,0,0,0,0,0,0,0,0,0,0,0,0,0,0,0,0,0,0,0,0,0,0,0,0,0,0,0,0,0,0,0,0,0,0
83037EA4C98DC2E6F4762062242C311CEA3D6E38721EF9ADD27778CBF3EDDE6E_4e3da9b3ab.dll,Mono,0,0,0,0,0,0,0,0,0,1,0,0,0,0,0,0,0,0,0,0,0,0,0,0,0,0,0,0,0,0,0,0,0,0,2,0,0,0,0,0,0,1,0,0,0,0,0,0,0,0,0
83635CA130C17AEBCF8B345DEECA193F5090DE8E8983176B00E176E775B3FE21_9ec1f3149f.dll,Mono,0,0,0,0,0,0,0,0,0,0,0,0,0,0,0,0,0,0,0,0,0,0,0,0,0,0,0,0,0,0,0,0,0,0,14,0,0,0,0,0,0,1,0,0,0,0,0,0,0,0,0
8410E750A5CA550F1D862711F06DC9CB8C190A1E9BA4F8F9120764750035B13B_3e45ac131f.dll,Mono,0,0,0,0,0,0,0,0,0,0,0,0,0,0,0,0,0,0,0,0,0,0,0,0,0,0,0,0,0,0,0,0,0,0,2,0,0,0,0,0,0,1,0,0,0,0,0,0,0,0,0
845FDB7A773E4FB1817E37792E24A0CEB706C5F8332EE0121CB7341426D36375_c463ae34d4.dll,Mono,0,0,0,0,0,0,0,0,0,0,0,0,0,0,0,0,0,0,0,0,0,0,0,0,0,0,0,0,0,0,0,0,0,0,9,0,0,0,0,0,0,0,0,0,0,0,0,0,0,0,0
85737554A3EEFD8F934466D24C98A59B688EDA6CA0A01FA9C47A3D1E3198ABE6_4242dbaeec.dll,Mono,0,0,0,0,0,0,0,0,0,0,2,0,0,0,0,0,0,0,0,0,0,0,0,0,0,0,0,0,0,0,0,0,0,0,14,0,0,0,0,0,0,1,0,0,0,0,0,0,0,0,0
85A16C4E25765E497990501D2AB39409A9C7B24351A6F2151472C9017D643B83_421630fea9.dll,Mono,0,0,0,0,0,0,0,0,0,0,0,0,0,0,0,0,0,0,0,0,0,0,0,0,0,0,0,0,0,0,0,0,0,0,0,0,0,0,0,0,0,0,0,0,0,0,0,0,0,0,0
85EC401BA67455128938F36658900D458E8F0F3206060DB5C65A7E051A2FBFDA_fc747d83df.dll,Mono,4,0,0,2,0,0,0,0,0,8,0,0,0,0,0,0,0,0,0,0,0,1,1,1,0,0,0,1,0,0,0,0,0,0,33,0,0,0,0,0,0,2,0,0,0,0,0,0,3,0,0
885B41ED1CE5C07F75C0D50F53EF240A941EECC577276F46FB7F8A6F668CF2A3_d826ab27e1.dll,Mono,0,0,0,0,0,0,0,0,0,0,0,0,0,0,0,0,0,0,0,0,0,0,0,0,0,0,0,0,0,0,0,0,0,0,1,0,0,0,0,0,0,1,0,0,0,0,0,0,0,0,0
885E963A92D5402FD5193D84B079065860B3D9B1176C70DEBF891B425F3577A8_7976d3011b.dll,Mono,0,0,0,0,0,0,0,0,0,1,0,0,0,0,0,0,0,0,0,0,0,0,0,0,0,0,0,0,0,0,0,0,0,0,2,0,0,0,0,0,0,1,0,0,0,0,0,0,0,0,0
88C15F7C3F6CB5E263548E4F32E61842D2A3A9E049C9FC5417FD112EF75EC118_e4864c7e8f.dll,Mono,0,0,0,0,0,0,0,0,0,0,0,0,0,0,0,0,0,0,0,0,0,0,0,0,0,0,0,0,0,0,0,0,0,0,0,0,0,0,0,0,0,0,0,0,0,0,0,0,0,0,0
89E6B3FE6B1AFEDB52A2B7B0BE0F9C9A25389D7C5E8E56D1A17A6446DDF64DCC_872ae6314f.dll,Mono,0,0,0,0,0,0,0,0,0,0,0,0,0,0,0,0,0,0,0,0,0,0,0,0,0,0,0,0,0,0,0,0,0,0,0,0,0,0,0,0,0,0,0,0,0,0,0,0,0,0,0
8A26FA4A2007D9C2F8AB822B505898FAAD986AFD991F02E1471944D25556D750_0fd4072eb4.dll,Mono,0,0,0,0,0,0,0,0,0,0,0,0,0,0,0,0,0,0,0,0,0,0,0,0,0,0,0,0,0,0,0,0,0,0,0,0,0,0,0,0,0,0,0,0,0,0,0,0,0,0,0
8B9E002489DBD1F500A0C6F92BA1B0ED86A0F44928DA76CCEE3D16FB74817A35_ccb18cd8f7.dll,Mono,0,0,0,0,0,0,0,0,0,0,0,0,0,0,0,0,0,0,0,0,0,0,0,0,0,0,0,0,0,0,0,0,0,0,4,0,0,0,0,0,0,1,0,0,0,0,0,0,0,0,0
8C64D4452EF2E7FBFBDD7105DB125F4CA002758A3C144A1C66BFF473863EC4EE_1c39e04291.dll,Mono,0,0,0,0,0,0,0,0,0,0,0,0,0,0,0,0,0,0,0,0,0,0,0,0,0,0,0,0,0,0,0,0,0,0,5,0,0,0,0,0,0,0,0,0,0,0,0,0,0,0,0
8D2581E715EBEEDAED86EE3FF9DCEB6988B731781442C72D565D9EB6055B0C6F_b430e6e383.dll,Mono,0,0,0,1,0,0,0,0,0,0,0,0,0,0,0,0,0,0,0,0,0,0,0,0,0,0,0,0,0,0,0,0,0,0,4,0,0,0,0,0,0,0,0,0,0,0,0,0,0,0,0
8D3897FD48D0CFF173D7F53EDC824677F3AFC1ED6C8E2F292F5959AFD651C913_4c6830b759.dll,Mono,0,0,0,0,0,0,0,0,0,0,0,0,0,0,0,0,0,0,0,0,0,0,0,0,0,0,0,0,0,0,0,0,0,0,3,0,0,0,0,0,0,0,0,0,0,0,0,0,0,0,0
8D6815F5BC81FCBFCE6467AA51FC63776775A5FC25DA244374D0FEB1C904B460_aea4239330.dll,Mono,0,0,0,0,0,0,0,0,0,0,0,0,0,0,0,0,0,0,0,0,0,0,0,0,0,0,0,0,0,0,0,0,0,0,1,0,0,0,0,0,0,0,0,0,0,0,0,0,0,0,0
8EB20705EA0C7395AD8C8EE241919E9982E157049CAD11F3CD8342892B2589C4_1347ed87f6.dll,Mono,0,0,0,0,0,0,0,0,0,0,0,0,0,0,0,0,0,0,0,0,0,0,0,0,0,0,0,0,0,0,0,0,0,0,6,0,0,0,0,0,0,1,0,0,0,0,0,0,0,0,0
901BF4C62F1871A7A6A0CB3B5009C6DED9298604E2067B65FBF6BF76D17A7083_18052dad44.dll,Mono,0,0,0,1,0,0,0,0,0,0,0,0,0,0,0,0,0,0,0,0,0,0,0,0,0,0,0,0,0,0,0,0,0,0,0,0,0,0,0,0,0,0,0,0,0,0,0,0,0,0,0
902727E55BC916633BC953209A6824C77E28C5DEF1456DE09E55848EA8D83C0F_ea745cbf3a.dll,Mono,0,0,0,0,0,0,0,0,0,1,1,0,0,0,0,0,0,0,0,0,0,0,0,0,0,0,0,0,0,0,0,0,0,0,5,0,0,0,0,0,0,1,0,0,0,0,0,0,0,0,0
90978B1252120C8328ADD12782373DE3A09FF3148C3FE027061376DD5E1C2F2D (1)_f07da73991.dll,Mono,0,0,0,0,0,0,0,0,0,0,0,0,0,0,0,0,0,0,0,0,0,0,0,0,0,0,0,0,0,0,0,0,0,0,1,0,0,0,0,0,0,0,0,0,0,0,0,0,0,0,0
90978B1252120C8328ADD12782373DE3A09FF3148C3FE027061376DD5E1C2F2D_f07da73991.dll,Mono,0,0,0,0,0,0,0,0,0,0,0,0,0,0,0,0,0,0,0,0,0,0,0,0,0,0,0,0,0,0,0,0,0,0,1,0,0,0,0,0,0,0,0,0,0,0,0,0,0,0,0
90DF1126F66372530F6A296C2267F7212B45E5292B028D2F6631174E682A482A_b64299ad3f.dll,Mono,0,0,0,0,0,0,0,0,0,0,0,0,0,0,0,0,0,0,0,0,0,0,0,0,0,0,0,0,0,0,0,0,0,0,12,0,0,0,0,0,0,1,0,0,0,0,0,0,0,0,0
9132C77C3F92345BB60961D6D9499F6E6810539E9A114D0A9B49D37DBA2942F8_1b222a4a92.dll,Mono,0,0,0,0,0,0,0,0,0,0,0,0,0,0,0,0,0,0,0,0,0,0,0,0,0,0,0,0,0,0,0,0,0,0,0,0,0,0,0,0,0,0,0,0,0,0,0,0,0,0,0
916001D80317D5BFB40109B8A4CEF46744F1D309EAFE0B30CD5532ACEAA2A125_1421c9767c.dll,Mono,0,0,0,0,0,0,1,0,0,0,0,0,0,0,0,0,0,0,0,0,0,0,0,0,0,0,0,0,0,0,0,0,0,0,3,0,0,0,0,0,0,1,0,0,0,0,0,0,0,0,0
917D3EDFB3BF2AD610D7715702727CDF2265D787C4AF619164A54167AFCAA918_5d866ad23a.dll,Mono,0,0,0,0,0,0,0,0,0,0,0,0,0,0,0,0,0,0,0,0,0,0,0,0,0,0,0,0,0,0,0,0,0,0,4,0,0,0,0,0,0,0,0,0,0,0,0,0,0,0,0
93D2E396E94DAA3EF4F6B859804E4B8BF5A761E39385DE08CBC6C95621A50F48_95845e822b.dll,Mono,0,0,0,0,0,0,0,0,0,0,0,0,0,0,0,0,0,0,0,0,0,0,0,0,0,0,0,0,0,0,0,0,0,0,0,0,0,0,0,0,0,0,0,0,0,0,0,0,0,0,0
93EBA9285DF58782702D65ECFE8BC725D2D7D00E1B41F01D1F363128C2FF01CD_58e3707ae1.dll,Mono,0,0,0,0,0,0,0,0,0,0,0,0,0,0,0,0,0,0,0,0,0,0,0,0,0,0,0,0,0,0,0,0,0,0,3,0,0,0,0,0,0,0,0,0,0,0,0,0,0,0,0
94480D68E45527D2856AF7FB1F1823EE0A3121DDFEC747EB2DC2F94B4047F307_2ae067a909.dll,Mono,0,0,0,0,0,0,0,0,0,0,0,0,0,0,0,0,0,0,0,0,0,0,0,0,0,0,0,0,0,0,0,0,0,0,3,0,0,0,0,0,0,0,0,0,0,0,0,0,0,0,0
9516FBF339C31EBE96615BAB3284BED7E159AA77C91D349569FEE4EFC4EAE7DF_a9dd22de5a.dll,Mono,0,0,0,1,0,0,0,0,0,0,0,0,0,0,0,0,0,0,0,0,0,0,0,0,0,0,0,0,0,0,0,0,0,0,2,0,0,0,0,0,0,1,0,0,0,0,0,0,0,0,0
960F7A1B6DA6148D7F72ED2B3AD13A164C13F1CE75EDC5DC51B803971B63C751_8f3be4e937.dll,Mono,0,0,0,0,0,0,0,0,0,0,0,0,0,0,0,0,0,0,0,0,0,0,0,0,0,0,0,0,0,0,0,0,0,0,1,0,0,0,0,0,0,0,0,0,0,0,0,0,0,0,0
96DFC2B49A7C7EDD382AE7C8A132404ED7DE61299A1578836468E70991E6EE43_58771dac09.dll,Mono,0,0,0,0,0,0,0,0,0,0,0,0,0,0,0,0,0,0,0,0,0,0,0,0,0,0,0,0,0,0,0,0,0,0,1,0,0,0,0,0,0,1,0,0,0,0,0,0,0,0,0
97807EED75359764C60165A3FC1C61AB52B9DAE40824994C74DEE4CC83ACD316_f0ebc199ea.dll,Mono,0,0,0,0,0,0,0,0,0,0,0,0,0,0,0,0,0,0,0,0,0,0,0,0,0,0,0,0,0,0,0,0,0,0,0,0,0,0,0,0,0,0,0,0,0,0,0,0,0,0,0
97D8CA9728CF49B19DC606183FDDC862B1E73F5FD5E86A686BE413BE2C120913_37c4bc2170.dll,Mono,0,0,0,0,0,0,0,0,0,0,0,0,0,0,0,0,0,0,0,0,0,0,0,0,0,0,0,0,0,0,0,0,0,0,0,0,0,0,0,0,0,1,0,0,0,0,0,0,0,0,0
98BA0961BBBBB6439688188A196492D20BDC371AA36F3123B4E075C1D894B4CB_49a215c9d9.dll,Mono,0,0,0,0,0,0,0,0,0,0,0,0,0,0,0,0,0,0,0,0,0,0,0,0,0,0,0,0,0,0,0,0,0,0,2,0,0,0,0,0,0,1,0,0,0,0,0,0,0,0,0
9A26F65AC18FB524D3BA6FB7FCA868B9E293D097991EFA2E64232DCFA4E48E3F_5594acbaba.dll,Mono,0,0,0,0,0,0,0,0,0,1,0,0,0,0,0,0,0,0,0,0,0,0,0,0,0,0,0,0,0,0,0,0,0,0,2,0,0,0,0,0,0,1,0,0,0,0,0,0,0,0,0
9C2729969E33C2A5D296985A0D5994C7B48D3639024D53414E6FB56649394F57_0bd54e263f.dll,Mono,0,0,0,1,0,0,0,0,0,0,0,0,0,0,0,0,1,1,0,0,0,0,0,0,0,0,0,0,0,0,0,0,0,0,4,0,0,0,0,0,0,1,0,0,0,0,0,0,0,0,0
9CA45C4D70C0B3E20BB1FF6C59F732D27F564966E875EF6D7455F7C42D64D2A6_0d6e549e6e.dll,Mono,0,0,0,1,0,0,0,0,0,0,0,0,0,0,0,0,0,0,0,0,0,0,0,0,0,0,0,0,0,0,0,0,0,0,3,0,0,0,0,0,0,1,0,0,0,0,0,0,0,0,0
9D41FEB4818AE7CDD2043E8F0DC47763587FFC0E7927F5925C942DA8F01BEC48_83b91590e5.dll,Mono,0,0,0,0,0,0,0,0,0,0,0,0,0,0,0,0,0,0,0,0,0,0,0,0,0,0,0,0,0,0,0,0,0,6,5,0,0,0,0,0,0,0,0,0,0,0,0,0,0,0,0
9DAF2F6A102AB99FD31EF54DBE92582A7FA999D7DC122C2395F698D024D932D9_8651f9d54d.dll,Mono,0,0,0,0,0,0,0,0,0,3,0,0,0,0,0,0,0,0,0,0,0,0,0,0,0,0,0,0,0,0,0,0,0,0,1,0,0,0,0,0,0,0,0,0,0,0,0,0,0,0,0
9DB5D0102ECF4A38614A7C823D0A9E06A8A73F26B284E8EAB3F1CDE1B590EFFB_f66e1b0700.dll,Mono,0,0,0,0,0,0,0,0,0,0,0,0,0,0,0,0,0,0,0,0,0,0,0,0,0,0,1,0,0,0,0,0,0,0,7,0,0,0,0,0,0,0,0,0,0,0,0,0,0,0,0
9EEFA075B658FCE7A381377C5E6105201F111980851370E7D4285AF082B7EC90_257a9df895.dll,Mono,0,0,0,0,0,0,0,0,0,0,0,0,0,0,0,0,0,0,0,0,0,0,0,0,0,0,0,0,0,0,0,0,0,0,0,0,0,0,0,0,0,0,0,0,0,0,0,0,0,0,0
A0DD1DEBFCEFFFEE7EDAA62CB286BB63A61884B7F98A2BC66D374C0BFD754166_af15521f68.dll,Mono,0,0,0,0,0,0,0,0,0,0,0,0,0,0,0,0,0,0,0,0,0,0,0,0,0,0,0,0,0,0,0,0,0,0,3,0,0,0,0,0,0,0,0,0,0,0,0,0,0,0,0
A11F130E70F2A70EA7C4EBEDEB33EF3C2F43149437DA4A78E38D921D616E5E13_b379eda820.dll,Mono,0,0,0,1,0,0,0,0,0,0,0,0,0,0,0,0,0,0,0,0,0,0,0,0,0,0,0,0,0,0,0,0,0,0,8,0,0,0,0,0,0,1,0,0,0,0,0,0,0,0,0
A42F5C338E36CBE3FE9BA9F8ED10EB8A4BCA7FE1A6CA30FB451B5065B8E48FA6_559c91298b.dll,Mono,0,0,0,0,0,0,0,0,0,0,0,0,0,0,0,0,0,0,0,0,0,0,0,0,0,0,0,0,0,0,0,0,0,0,9,0,0,0,0,0,0,3,0,1,0,0,0,0,0,0,0
A5A903B65A9292B8212FEB0D557E4D2C4E566C8021FD4DB1B434864330A62FE6_255123fcf3.dll,Mono,0,0,0,0,0,0,0,0,0,0,0,0,0,0,0,0,0,0,0,0,0,0,0,0,0,0,0,0,0,0,0,0,0,0,4,0,0,0,0,0,0,0,0,0,0,0,0,0,0,0,0
A5DF73D90A07AD42C67BD5D79B79E0C4F4D6105755AF6FA43F81A7744E854EC5_cbcf02c180.dll,Mono,0,0,0,1,0,0,0,0,0,0,0,0,0,0,0,0,0,0,0,0,0,0,0,0,0,0,0,0,0,0,0,0,0,0,18,0,0,0,0,0,0,1,0,0,0,0,0,0,0,0,0
A6165FF75C73BEE34310366D603166A5AFB6AA59B16FC936DE602362E15B67DA_c457876ef5.dll,Mono,0,0,0,0,0,0,0,0,0,0,0,0,0,0,0,0,0,0,0,0,0,0,0,0,0,0,0,0,0,0,0,0,0,0,0,0,0,0,0,0,0,0,0,0,0,0,0,0,0,0,0
A759354FC445ACCE65CB820700F3E2CCE0B6C931128F1A6B5992CA7D32AF2095_bc7e69e31b.dll,Mono,0,0,0,0,0,0,0,0,0,0,0,0,0,0,0,0,0,0,0,0,0,0,0,0,0,0,0,0,0,0,0,0,0,0,4,0,0,0,0,0,0,0,0,0,0,0,0,0,0,0,0
AAE533A6D8CDDA8C2C6490A2830706F1AA903BB483A2CA755F266F68E0CCB226_740001f6a0.dll,Mono,0,0,0,0,0,0,0,0,0,0,0,0,0,0,0,0,0,0,0,0,0,0,0,0,0,0,0,0,0,0,0,0,0,0,0,0,0,0,0,0,0,0,0,0,0,0,0,0,0,0,0
AC0B0FA9D35DD19B00B386F23885F6439C18FAAE3D040B1802640A9B8E358581_5fb874692d.dll,Mono,0,0,0,0,0,0,0,0,0,0,0,0,0,0,0,0,0,0,0,0,0,0,0,0,0,0,0,0,0,0,0,0,0,0,1,0,0,0,0,0,0,1,0,0,0,0,0,0,0,0,0
AD05FCDCDB2C65BB5D02D022D57A5BA7CABA4882E88542E7586315A1E5A64563_24815e9454.dll,Mono,0,0,0,0,0,0,0,0,0,1,0,0,0,0,0,0,0,0,0,0,0,0,0,0,0,0,0,0,0,0,0,0,0,0,12,0,0,0,0,0,0,2,0,0,0,0,0,0,0,0,0
AD6D517A8A76D329057746A80E64355578DE504D7707D10F731F51205B837A5F_0e9a3ca300.dll,Mono,0,0,0,0,0,0,0,0,0,0,0,0,0,0,0,0,0,0,0,0,0,0,0,0,0,0,0,0,0,0,0,0,0,0,0,0,0,0,0,0,0,0,0,0,0,0,0,0,0,0,0
AEDA93DDE5999B6A8F7973C1FE2E37288D090B4CBB03730ACAE4B0118A05E842_bd8f190e6b.dll,Mono,0,0,0,0,0,0,0,0,0,0,0,0,0,0,0,0,1,1,0,0,0,0,0,0,0,0,0,0,0,0,0,0,0,0,9,0,0,0,0,0,0,0,0,0,0,0,0,0,0,0,0
AF206C4AADFAC3518342DABC6EF6720988245823C2B3BFE102BE81A172B979A4_576ea56ef1.dll,Mono,0,0,0,0,0,0,0,0,0,0,2,0,0,0,0,0,0,0,0,0,0,0,0,0,0,0,0,0,0,0,0,0,0,0,1,0,0,0,0,0,0,1,0,0,0,0,0,0,0,0,0
AFC2D1A01D9C9E1CAF79D0922C9ED7E3DEF0AD6327291C96EF24E39B05509685_b1cb2b9398.dll,Mono,0,0,0,0,0,0,0,0,0,0,0,0,0,0,0,0,0,0,0,0,0,0,0,0,0,0,0,0,0,0,0,0,0,0,4,0,0,0,0,0,0,1,0,2,0,0,0,0,0,0,0
AFF10CF4B1DBEF1D2801E1934D3964C5EFA31188B9A3F6B7357E18FD19462F1B_c03335ba59.dll,Mono,0,0,0,0,0,0,0,0,0,0,0,0,0,0,0,0,0,0,0,0,0,0,0,0,0,0,0,0,0,0,0,0,0,0,1,0,0,0,0,0,0,1,0,0,0,0,0,0,0,0,0
B136DBE5B4039DC4ACC9B778BE6531F98D3978946A6D77D5F6B4809FEFF3E177_d73ad37539.dll,Mono,0,0,0,0,0,0,0,0,0,0,0,0,0,0,0,0,1,1,0,0,0,0,0,0,0,0,0,0,0,0,0,0,0,0,3,0,0,0,0,0,0,1,0,0,0,0,0,0,0,0,0
B37324E0C0679EDC866B812B857FE84FF768DD0AEDA0825DFBC92C9B8E16B699_d290aa0009.dll,Mono,0,0,0,0,0,0,0,0,0,0,0,0,0,0,0,0,0,0,0,0,0,0,0,0,0,0,0,0,0,0,0,0,0,0,15,0,0,0,0,0,0,1,0,0,0,0,0,0,0,0,0
B3C2EFABE5DE599664DA043368DB6FAF18297DD17C31E1DDF604C23B5AB57547_1ba4004a1b.dll,Mono,0,0,0,1,0,0,0,0,0,3,0,0,0,0,0,0,0,0,0,0,0,0,0,0,0,0,0,0,0,0,0,0,0,0,3,0,0,0,0,0,0,1,0,0,0,0,0,0,0,0,0
B4D65BACCA88B859100047EBC9FD96AF2205D8C3F25A43B22A59CF151C6CC167_9b46a2a5d6.dll,Mono,0,0,0,0,0,0,0,0,0,0,0,0,0,0,0,0,0,0,0,0,0,0,0,0,0,0,0,0,0,0,0,0,0,0,0,0,0,0,0,0,0,0,0,0,0,0,0,0,0,0,0
B4E22A7E0E058B5EC3E574EF00CC917D5531E470C72EBE3AD8D2E669CB8B9AA7_f413e77fa8.dll,Mono,0,0,0,0,0,0,0,0,0,0,0,0,0,0,0,0,0,0,0,0,0,0,0,0,0,0,0,0,0,0,0,0,0,0,0,0,0,0,0,0,0,0,0,0,0,0,0,0,0,0,0
B63BDD8D26214048041416BEED0227E57FC4F62AEB387FB678499825C114C770_2eb4b336c1.dll,Mono,0,0,0,0,0,0,0,0,0,0,0,0,0,0,0,0,0,0,0,0,0,0,0,0,0,0,0,0,0,0,0,0,0,0,0,0,0,0,0,0,0,0,0,0,0,0,0,0,0,0,0
B83AB4E3772D475462A11195C742C287D2F6C2750BC9783C05119629B130B542_631712bc4b.dll,Mono,1,0,0,0,0,0,0,0,0,0,0,0,0,0,0,0,0,0,0,0,0,0,0,0,0,0,0,0,0,0,0,0,0,0,0,0,0,0,0,0,0,0,0,0,0,0,0,0,0,0,0
B8674F2D98443186D25203C0622F31CA9CCF24C8BF129ED2C5125C65BCFC0BDF_0dd98a8b9e.dll,Mono,0,0,0,1,0,0,0,0,0,0,0,0,0,0,0,0,0,0,0,0,0,0,0,0,0,0,0,0,0,0,0,0,0,0,4,0,0,0,0,0,0,1,0,0,0,0,0,0,0,0,0
BB4B9C63C68867912D8C046BFCDFAD04C20A6CD3D5CCC734214BFD8238D38C66_0e9a3ca300.dll,Mono,0,0,0,0,0,0,0,0,0,0,0,0,0,0,0,0,0,0,0,0,0,0,0,0,0,0,0,0,0,0,0,0,0,0,0,0,0,0,0,0,0,0,0,0,0,0,0,0,0,0,0
BC4DF621BE04009CEDC8FB6B8152E3E0D1014C15CDFC384A1A8326CA8DDA15B1_b977171d5b.dll,Mono,0,0,0,2,0,0,0,0,0,0,0,0,0,0,0,0,0,0,0,0,0,0,0,0,0,0,0,0,0,0,0,0,0,0,279,0,0,0,0,0,0,2,0,0,0,0,0,0,0,0,0
BCF560EBEFF6C8D7737CCC764C57CEFE33225B9A806FD683DF5542D91DE3D1C5_076f3c15b7.dll,Mono,0,0,0,0,0,0,0,0,0,0,0,0,0,0,0,0,0,0,0,0,0,0,0,0,0,0,0,0,0,0,0,0,0,0,22,0,0,0,0,0,0,1,0,1,0,0,0,0,0,0,0
BE57C819A0B5ECAE89081489CA16D05B68352899653D6B0D67F357ADCB820A78_da73a10d9e.dll,Mono,0,0,0,0,0,0,0,0,0,0,0,0,0,0,0,0,0,0,0,0,0,0,0,0,0,0,0,0,0,0,0,0,0,0,0,0,0,0,0,0,0,0,0,0,0,0,0,0,0,0,0
BEBBF8B674D7A43C9C9BFF46FFB9711447C868F492155FFA3EDE173DFF42D221_eae8475224.dll,Mono,0,0,0,0,0,0,0,0,0,0,0,0,0,0,0,0,0,0,0,0,0,0,0,0,0,0,0,0,0,0,0,0,0,0,0,0,0,0,0,0,0,0,0,0,0,0,0,0,0,0,0
BEF95D5819B07DB6F69BBED684C25C1871AA5C5A8CF1FB345E4D2C48F27DAB3A_d0fcfc644f.dll,Mono,0,0,0,0,0,0,0,0,0,0,0,0,0,0,0,0,0,0,0,0,0,0,0,0,0,0,0,0,0,0,0,0,0,0,0,0,0,0,0,0,0,0,0,0,0,0,0,0,0,0,0
BF6093E4152F32A65E96D7B88806CDF86D5461F84B09F6AE6DE0A69AE982F542_a64490057b.dll,Mono,0,0,0,0,0,0,0,0,0,1,0,0,0,0,0,0,0,0,0,0,0,0,0,0,0,0,0,0,0,0,0,0,0,0,3,0,0,0,0,0,0,1,0,0,0,0,0,0,0,0,0
C0147121092FE88E2240A993567BB2CB785B440BB89B3A5561FE90B4B1529E76_62825054e9.dll,Mono,0,0,0,0,0,0,0,0,0,0,0,0,0,0,0,0,0,0,0,0,0,0,0,0,0,0,0,0,0,0,0,0,0,0,1,0,0,0,0,0,0,1,0,0,0,0,0,0,0,0,0
C0DCB58AA094D70D73ED05DD431C80010A730DC2AC27B19B7774E827B3100D17_c58b864c11.dll,Mono,0,0,0,0,0,0,0,0,0,0,0,0,0,0,0,0,0,0,0,0,0,0,0,0,0,0,0,0,0,0,0,0,0,0,0,0,0,0,0,0,0,0,0,0,0,0,0,0,0,0,0
C156C9185B0229D80F1AADC5DB49E56A058A61C8DB4EF3523A42BA023B1DA21C_32deeb8029.dll,Mono,0,0,0,0,0,0,0,0,0,0,0,0,0,0,0,0,1,1,0,0,0,0,0,0,0,0,0,0,0,0,0,0,0,0,6,0,0,0,0,0,0,2,0,0,0,0,0,0,0,0,0
C229CDCEF2671E1AC703465D965A1CEAA4C010A11F0788005D71999DA6CE3179_279616bcbb.dll,Mono,0,0,0,0,0,0,0,0,0,0,0,0,0,0,0,0,0,0,0,0,0,0,0,0,0,0,0,0,0,0,0,0,0,0,0,0,0,0,0,0,0,0,0,0,0,0,0,0,0,0,0
C34E2624AB403078B29C3D18A7A5B8F84C4D15B6D4EEF87CAFAAEC5A7A44714E_2440370471.dll,Mono,0,0,0,0,0,0,0,0,0,0,0,0,0,0,0,0,0,0,0,0,0,0,0,0,0,0,0,0,0,0,0,0,0,0,5,0,0,0,0,0,0,2,0,0,0,0,0,0,0,0,0
C4EE83DD92F1AC254311EF27D63A5EB335CBA350BFB53E0CB33D498D0A7AED0F_06ce098739.dll,Mono,0,0,0,1,0,0,0,0,0,0,0,0,0,0,0,0,0,0,0,0,0,0,0,0,0,0,0,0,0,0,0,0,0,0,1,0,0,0,0,0,0,1,0,0,0,0,0,0,0,0,0
C502FDF21C0D2D0D4AF417FE39A3362D6A82EE751A5889A60CEF4D8356F605B0_8ba9091986.dll,Mono,1,0,0,0,0,0,0,0,0,0,0,0,0,0,0,0,0,0,0,0,0,0,0,0,0,0,0,0,0,0,0,0,0,0,17,0,0,0,0,0,0,2,0,0,0,0,0,0,0,0,0
C54317D7E7C0E322AB54FD855FF7563302E790726D5B16AA575908EF28A764B0_6101289aa9.dll,Mono,0,0,0,0,0,0,0,0,0,0,0,0,0,0,0,0,0,0,0,0,0,0,0,0,0,0,0,0,0,0,0,0,0,0,0,0,0,0,0,0,0,0,0,0,0,0,0,0,0,0,0
C55F7DED4B371A3E5C7315A9ECECB0E343DAB9A4168EDD1097768BE98E6A8947_6982b153de.dll,Mono,0,0,0,0,0,0,0,0,0,0,0,0,0,0,0,0,0,0,0,0,0,0,0,0,0,0,0,0,0,0,0,0,0,0,0,0,0,0,0,0,0,0,0,0,0,0,0,0,0,0,0
C6E649E462264A8C59C32EC7DDC96E2F2348947C11BF09F352EF6BA40C9116C4_37abe78dc7.dll,Mono,0,0,0,0,0,0,0,0,0,0,0,0,0,0,0,0,0,0,0,0,0,0,0,0,0,0,0,0,0,0,0,0,0,0,3,0,0,0,0,0,0,1,0,0,0,0,0,0,0,0,0
C77EA533160D8F7D9AD398DF0A505915EF87AF41C4BA77B44E0C9E05BC3C8FB9_37c4bc2170.dll,Mono,0,0,0,0,0,0,0,0,0,0,0,0,0,0,0,0,0,0,0,0,0,0,0,0,0,0,0,0,0,0,0,0,0,0,0,0,0,0,0,0,0,1,0,0,0,0,0,0,0,0,0
C7FE9CF27E6A5FD0B9B79136718DAB449EFED31E00911F2E35B49F5F4A9885A9_8946312600.dll,Mono,0,0,0,0,0,0,0,0,0,0,0,0,0,0,0,0,0,0,0,0,0,0,0,0,0,0,0,0,0,0,0,0,0,0,7,0,0,0,0,0,0,0,0,0,0,0,0,0,0,0,0
C857417DF9924837D1799131DCDFAB5D530EB14DFE6D6E69D8A61218ED1B9514_bd60792721.dll,Mono,0,0,0,0,0,0,0,0,0,0,0,0,0,0,0,0,0,0,0,0,0,0,0,0,0,0,0,0,0,0,0,0,0,0,0,0,0,0,0,0,0,0,0,0,0,0,0,0,0,0,0
C934B6CEAA47A2F02A9EFD712B144CBE7D31964A4D7006FA2262B2F4AEA69C6B_11d6e50060.dll,Mono,0,0,0,0,0,0,0,0,0,0,0,0,0,0,0,0,0,0,0,0,0,0,0,0,0,0,0,0,0,0,0,0,0,0,3,0,0,0,0,0,0,0,0,0,0,0,0,0,0,0,0
CA74CE8FC3E35D4CC2982A09F0E11B65808B825677C3DEC0DB371D64B6897BC3_6d2051a012.dll,Mono,0,0,0,0,0,0,0,0,0,0,0,0,0,0,0,0,0,0,0,0,0,0,0,0,0,0,0,0,0,0,0,0,0,0,0,0,0,0,0,0,0,0,0,0,0,0,0,0,0,0,0
CACFA86E59D24A22F5257DE5AB7C35C6D3D837A2A916F6139C638014B91876FB_438a2ab6cd.dll,Mono,0,0,0,0,0,0,0,0,0,0,0,0,0,0,0,0,0,0,0,0,0,0,0,0,0,0,0,0,0,0,0,0,0,0,2,0,0,0,0,0,0,0,0,0,0,0,0,0,0,0,0
CBC42546457E4C46D3AC98D51BCDF69F2BD6D0770C3C3816E378D2DAA3B2D8D6_d6de650f4f.dll,Mono,0,0,0,0,0,0,0,0,0,0,0,0,0,0,0,0,0,0,0,0,0,0,0,0,0,0,0,0,0,0,0,0,0,0,0,0,0,0,0,0,0,0,0,0,0,0,0,0,0,0,0
CCF838A3E00659064CAC7E5D6A1B41A2E7D6120333A1124F362362DBAE60E7EB_98d458de70.dll,Mono,0,0,0,0,0,0,0,0,0,0,0,0,0,0,0,0,0,0,0,0,0,0,0,0,0,0,0,0,0,0,0,0,0,0,0,0,0,0,0,0,0,0,0,0,0,0,0,0,0,0,0
CD6B9F5FDB60437BED206D9FD290296017F36AEEBD071DD7FC15AA87C3B9237D_f8dfaa7380.dll,Mono,0,0,0,0,0,0,0,0,0,0,0,0,0,0,0,0,0,0,0,0,0,0,0,0,0,0,0,0,0,0,0,0,0,0,2,0,0,0,0,0,0,1,0,0,0,0,0,0,0,0,0
CD8C7433B3899622BDB581055C330292316DBD0690445E985C3E524D4EBF2B5C_d8b8fe21bb.dll,Mono,0,0,0,0,0,0,0,0,0,0,0,0,0,0,0,0,0,0,0,0,0,0,0,0,0,0,0,0,0,0,0,0,0,0,5,0,0,0,0,0,0,0,0,0,0,0,0,0,0,0,0
CE0CBBD2A2BE52A0ADEA9B8597A081C593ABE3718F6486285CE5BADCFABB6633_9120f77f47.dll,Mono,0,0,0,0,0,0,0,0,0,2,0,0,0,0,0,0,0,0,0,0,0,0,0,0,0,0,0,0,0,0,0,0,0,0,6,0,0,0,0,0,0,1,0,0,0,0,0,0,0,0,0
CEC5BD366AA7D0A488CC7471AFDB96432DA0AAF843C099ABBB77F51EF6DC841C_0dfb88d5c3.dll,Mono,2,0,0,0,0,0,0,0,0,0,2,0,0,0,0,0,0,0,0,0,0,0,0,0,0,0,0,0,0,0,0,0,0,0,59,0,0,0,0,0,0,5,0,0,0,0,0,0,0,0,0
CECEA2AFCE3897258B868E698EC7CAFC1DD3A6C6F759C41B41055C3188B8315D_03b2d62084.dll,Mono,0,0,0,0,0,0,0,0,0,0,0,0,0,0,0,0,0,0,0,0,0,0,0,0,0,0,0,0,0,0,0,0,0,0,9,0,0,0,0,0,0,1,0,0,2,0,0,0,0,0,0
CF790EBAB13D25C705F9AD021ED173A4AC1258E585702392BFF51830C05B67A2_c5e8abf308.dll,Mono,0,0,0,0,0,0,0,0,0,0,0,0,0,0,0,0,0,0,0,0,0,0,0,0,0,0,0,0,0,0,0,0,0,0,5,0,0,0,0,0,0,1,0,0,0,0,0,0,0,0,0
CF878F086066F7E57D6F70F15D475446445D8FC143D4EC8210E37C57BBC3B89F (1)_6679b80a40.dll,Mono,0,0,0,0,0,0,0,0,0,0,0,0,0,0,0,0,0,0,0,0,0,0,0,0,0,0,0,0,0,0,0,0,0,0,0,0,0,0,0,0,0,0,0,0,0,0,0,0,0,0,0
CF878F086066F7E57D6F70F15D475446445D8FC143D4EC8210E37C57BBC3B89F_6679b80a40.dll,Mono,0,0,0,0,0,0,0,0,0,0,0,0,0,0,0,0,0,0,0,0,0,0,0,0,0,0,0,0,0,0,0,0,0,0,0,0,0,0,0,0,0,0,0,0,0,0,0,0,0,0,0
CFC74CAF29C88A2661CF3A1134DE472140D0C6C6BC00A3808A9234636879623A_bf6990dee6.dll,Mono,0,0,0,0,0,0,0,0,0,0,0,0,0,0,0,0,0,0,0,0,0,0,0,0,0,0,0,0,0,0,0,0,0,0,1,0,0,0,0,0,0,1,0,0,0,0,0,0,0,0,0
CFEAE622BC40890419B48FE3DCECBB433E0661F7ECC34F052A5C9884BD831E2B_ab92b0b716.dll,Mono,0,0,0,0,0,0,0,0,0,0,0,0,0,0,0,0,0,0,0,0,0,0,0,0,0,0,0,0,0,0,0,0,0,0,3,0,0,0,0,0,0,0,0,0,0,0,0,0,0,0,0
D0676E22C87CE84D88777A9CD15959A22A0CCE408B186C7F2EAF2AD7D7FC1606_9670c0d0ce.dll,Mono,0,0,0,0,0,0,0,0,0,0,0,0,0,0,0,0,0,0,0,0,0,0,0,0,0,0,0,0,0,0,0,0,0,0,0,0,0,0,0,0,0,0,0,0,0,0,0,0,0,0,0
D067F6FE9D3F681B7DFEF99AE49B9A715443E0AF1DC271F42943C5CBC498138A_dd93f65d70.dll,Mono,0,0,0,0,0,0,0,0,0,0,0,0,0,0,0,0,0,0,0,0,0,0,0,0,0,0,0,0,0,0,0,0,0,0,3,0,0,0,0,0,0,1,0,0,0,0,0,0,0,0,0
D0D10E393E2FA942578FDCBFBF8DFD8666009D31BC8443180369B12D1F70389C_4b1d089876.dll,Mono,0,0,0,0,0,0,0,0,0,0,0,0,0,0,0,0,0,0,0,0,0,0,0,0,0,0,0,0,0,0,0,0,0,0,0,0,0,0,0,0,0,0,0,0,0,0,0,0,0,0,0
D14296F2F605A2E402C51474A9EEB2BC232C9873A044CF259FBCB131D80C5DC4_1e260923f0.dll,Mono,0,0,0,0,0,0,0,0,0,0,0,0,0,0,0,0,0,0,0,0,0,0,0,0,0,0,0,0,0,0,0,0,0,0,0,0,0,0,0,0,0,0,0,0,0,0,0,0,0,0,0
D395FE9B4FA1C7562E482F366582E2CDDDFC7023C36651215286A782F0C29EA4_03b2d62084.dll,Mono,0,0,0,0,0,0,0,0,0,0,0,0,0,0,0,0,0,0,0,0,0,0,0,0,0,0,0,0,0,0,0,0,0,0,9,0,0,0,0,0,0,1,0,0,2,0,0,0,0,0,0
D456B1121F3B8F605998B08148AE4E056EE69998C03C6C8FB1D19ED7C2EF2577_11aa4459a8.dll,Mono,0,0,0,0,0,0,0,0,0,0,0,0,0,0,0,0,0,0,0,0,0,0,0,0,0,0,0,0,0,0,0,0,0,0,1,0,0,0,0,0,0,1,0,0,0,0,0,0,0,0,0
D54906A96CA62594E820A94A52EAFA38D5E8E09F61D6E00115D6925A64659CD9_c03335ba59.dll,Mono,0,0,0,0,0,0,0,0,0,0,0,0,0,0,0,0,0,0,0,0,0,0,0,0,0,0,0,0,0,0,0,0,0,0,1,0,0,0,0,0,0,1,0,0,0,0,0,0,0,0,0
D5628321405EB88B285708D1307CCA355B807FE6E9A31E624DAACA5E19CB6CC2_c01b683d0b.dll,Mono,2,0,0,0,0,0,0,0,0,0,2,0,0,0,0,0,0,0,0,0,0,0,0,0,0,0,0,0,0,0,0,0,0,0,66,0,0,0,0,0,0,5,0,0,0,0,0,0,0,0,0
D5EC799ECBBAB506BA2C2B31D76A7FBF76C02F084AC455E15AEFC77E85637C1E_8ae1bc7c53.dll,Mono,0,0,0,0,0,0,0,0,0,0,0,0,0,0,0,0,0,0,0,0,0,0,0,0,0,0,0,0,0,0,0,0,0,0,26,0,0,0,0,0,0,1,0,0,0,0,0,0,0,0,0
D5F65C704FCEDC34EA5A6D606C4068BE4FCF3737138D30F25FBE7B69156AF3C3_eecc3d3ed5.dll,Mono,0,0,0,0,0,0,0,0,0,0,0,0,0,0,0,0,0,0,0,0,0,0,0,0,0,0,0,0,0,0,0,0,0,0,0,0,0,0,0,0,0,0,0,0,0,0,0,0,0,0,0
D729740EE8838EE810724B6F00A4785383CF06F65859128AD72A8456364FCA21_4fbf366290.dll,Mono,0,0,0,0,0,0,0,0,0,0,0,0,0,0,0,0,0,0,0,0,0,0,0,0,0,0,0,0,0,0,0,0,0,0,5,0,0,0,0,0,0,0,0,0,0,0,0,0,0,0,0
D7EB15844F41322CF2B572D03A85505F5FB10E70366D59825D204770142AB3B7_7504230d06.dll,Mono,0,0,0,0,0,0,0,0,0,0,0,0,0,0,0,0,0,0,0,0,0,0,0,0,0,0,0,0,0,0,0,0,0,0,2,0,0,0,0,0,0,1,0,0,0,0,0,0,0,0,0
D802F7B3F79268B45BFB91C8AFE8C28CCC18E2CE2F116991B996E691EDEFE0DB_2361235378.dll,Mono,0,0,0,0,0,0,0,0,0,0,0,0,0,0,0,0,0,0,0,0,0,0,0,0,0,0,0,0,0,0,0,0,0,0,0,0,0,0,0,0,0,0,0,0,0,0,0,0,0,0,0
D81C36D30F3953AF4761E305B88C00BEA5E14AE33969AE674E81C081F259CE5D_1603451056.dll,Mono,0,0,0,0,0,0,0,0,0,0,0,0,0,0,0,0,0,0,0,0,0,0,0,0,0,0,0,0,0,0,0,0,0,0,0,0,0,0,0,0,0,0,0,0,0,0,0,0,0,0,0
D85C1FBA872021F0CA23F5A072DA5CF9892DA3DAA0A0A0D9BD6D208DB2804859_82ae58ecad.dll,Mono,0,0,0,1,0,0,0,0,0,0,0,0,0,0,0,0,0,0,0,0,0,0,0,0,0,0,0,0,0,0,0,0,0,0,22,0,0,0,0,0,0,0,0,0,0,0,0,0,0,0,0
D8B3D16F9DACF8384F2C96BCB9EA252A2997D1C1ECEFFE4D344E4EEC2195F94F_6d6b73dcf7.dll,Mono,1,0,0,0,0,0,0,0,0,0,2,0,0,0,0,0,0,0,0,0,0,0,0,0,0,0,0,0,0,0,0,0,0,0,2,0,0,0,0,0,0,0,0,1,0,0,0,0,0,0,0
D8EC8569F779C272F7D23473E6A4FDA5FC11E3B5D6B0EBA0891A9B906580C885_b99300c033.dll,Mono,0,0,0,0,0,0,0,0,0,0,0,0,0,0,0,0,0,0,0,0,0,0,0,0,0,0,0,0,0,0,0,0,0,0,6,0,0,0,0,0,0,1,0,0,0,0,0,0,0,0,0
DA3A0AE3A905080FBF53FECF2F9036262F8A11FE8FF6B283DC77D5A13E46455C_e981800c0f.dll,Mono,2,0,0,0,0,0,0,0,0,0,0,0,0,0,0,0,0,0,0,0,0,0,0,0,0,0,0,0,0,0,0,0,0,0,1,0,0,0,0,0,0,0,0,0,0,0,0,0,0,0,0
DB6656CEE6C23319A12A3C55F9E1FD51E32456D911F6AF61EAF921C0472715CC_f9430b868d.dll,Mono,0,0,0,0,0,0,0,0,0,0,0,0,0,0,0,0,0,0,0,0,0,0,0,0,0,0,0,0,0,0,0,0,0,0,0,0,0,0,0,0,0,0,0,0,0,0,0,0,0,0,0
DC2EE26C81730467CC47AC11F26B96D2056AE57CF3904570D5F1125835A2AB9A_03b2d62084.dll,Mono,0,0,0,0,0,0,0,0,0,0,0,0,0,0,0,0,0,0,0,0,0,0,0,0,0,0,0,0,0,0,0,0,0,0,9,0,0,0,0,0,0,1,0,0,2,0,0,0,0,0,0
DC48DE6D6C541CF324955E3468AC2AFF05D567D1DE0AEFAFF80829485A5A9815_5d63bd4c74.dll,Mono,0,0,0,0,0,0,0,0,0,0,0,0,0,0,0,0,0,0,0,0,0,0,0,0,0,0,0,0,0,0,0,0,0,0,5,0,0,0,0,0,0,1,0,0,0,0,0,0,0,0,0
DD5DC528C9EF89567E1A1F21BDB59F926782F921C3207AD8BF596AD3EBF50A1D_47038a9373.dll,Mono,0,0,0,0,0,0,0,0,0,0,0,0,0,0,0,0,0,0,0,0,0,0,0,0,0,0,0,0,0,0,0,0,0,0,1,0,0,0,0,0,0,0,0,0,0,0,0,0,0,0,0
DEECFD8A553DBA345D7D69838E6C73C7015BD2D9AF8BABD057903C9CFBF530F1_8de19591c3.dll,Mono,0,0,0,0,0,0,0,0,0,0,0,0,0,0,0,0,0,0,0,0,0,0,0,0,0,0,0,0,0,0,0,0,0,0,3,0,0,0,0,0,0,1,0,0,0,0,0,0,0,0,0
E1030DA6138058FC2B9CFAC9DA13469F80A5C577555BF9691300D0F5DA7E05CC_40796cd72d.dll,Mono,0,0,0,0,0,0,0,0,0,0,0,0,0,0,0,0,0,0,0,0,0,0,0,0,0,0,0,0,0,0,0,0,0,0,22,0,0,0,0,0,0,1,0,0,0,0,0,0,0,0,0
E289FCE2A86DADCBDE50845626C9A7EE3036407ECE94EAD5891E5938AC03936C_ff8b7e259b.dll,Mono,0,0,0,0,0,0,0,0,0,0,0,0,0,0,0,0,0,0,0,0,0,0,0,0,0,0,0,0,0,0,0,0,0,0,3,0,0,0,0,0,0,1,0,0,0,0,0,0,0,0,0
E299854DABE7D50B17110A686FD673BBDAFD6EAD30FD8FA525E875E363E47B33_c1e2008f89.dll,Mono,0,0,0,1,0,0,0,0,0,0,0,0,0,0,0,0,0,0,0,0,0,0,0,0,0,0,0,0,0,0,0,0,0,0,1,0,0,0,0,0,0,0,0,0,0,0,0,0,0,0,0
E35D73FE8A59F5D30B56EC7F4C2AB9C25A851EE7D56A96621B27B4FCF4AC1AE1_a63cce3e9b.dll,Mono,0,0,0,0,0,0,0,0,0,1,0,0,0,0,0,0,0,0,0,0,0,0,0,0,0,0,0,0,0,0,0,0,0,0,2,0,0,0,0,0,0,1,0,0,0,0,0,0,0,0,0
E4096714474EB2E732EEBFCC1636E55BF4F527ECCA9CDDABE4ACF221A378CDEC_77556c2684.dll,Mono,0,0,0,1,0,0,0,0,0,0,0,0,0,0,0,0,0,0,0,0,0,0,0,0,0,0,0,0,0,0,0,0,0,0,0,0,0,0,0,0,0,0,0,0,0,0,0,0,0,0,0
E51308F6C1EDE64178F6347338EF314FBEC314AD381432D83B25D0339FE41296_574de49e86.dll,Mono,0,0,0,0,0,0,0,0,0,0,0,0,0,0,0,0,0,0,0,0,0,0,0,0,0,0,0,0,0,0,0,0,0,0,0,0,0,0,0,0,0,0,0,0,0,0,0,0,0,0,0
E559A49A4F20FEC5AA603943238A90E6777EFC16DBB47E89417EC1C7A9C22645_8e99eaac03.dll,Mono,0,0,0,1,0,0,0,0,0,0,0,0,0,0,0,0,0,0,0,0,0,0,0,0,0,0,0,0,0,0,0,0,0,0,1,0,0,0,0,0,0,0,0,0,0,0,0,0,0,0,0
E68BBB119BB068C72C4D98235EA20B16AD1A640F686085275748845A1DFB9182_8f901b6f5f.dll,Mono,0,0,0,0,0,0,0,0,0,0,0,0,0,0,0,0,0,0,0,0,0,0,0,0,0,0,0,0,0,0,0,0,0,0,2,0,0,0,0,0,0,1,0,0,0,0,0,0,0,0,0
E6AA2FDF3B825841F4ACAFC63C608CA79A1858089D6A42045DA93A0BC7555C8E_00da57fed6.dll,Mono,0,0,0,0,0,0,0,0,0,0,0,0,0,0,0,0,0,0,0,0,0,0,0,0,0,0,0,0,0,0,0,0,0,0,6,0,0,0,0,0,0,1,0,0,0,0,0,0,0,0,0
E6B765009BB72FCE7507430F41265B7894C9A6FCDE1E0CB627FA7850329EE73B_9ecc3ab8e7.dll,Mono,0,0,0,0,0,0,0,0,0,0,0,0,0,0,0,0,0,0,0,0,0,0,0,0,0,0,0,0,0,0,0,0,0,0,2,0,0,0,0,0,0,2,0,0,0,0,0,0,0,0,0
E8D10363D867289F595F7B8821ECD07A19FEF190579509DDDBB4EC7EA05CB2C6_b3c57cf7d0.dll,Mono,0,0,0,0,0,0,0,0,0,0,0,0,0,0,0,0,0,0,0,0,0,0,0,0,0,0,0,0,0,0,0,0,0,0,6,0,0,0,0,0,0,2,0,0,0,0,0,0,0,0,0
E957999195A337EA715DDFBABD7DD000732516BD0BEE61C46956621E33A14536_9ea5418e43.dll,Mono,0,0,0,0,0,0,0,0,0,0,0,0,0,0,0,0,0,0,0,0,0,0,0,0,0,0,0,0,0,0,0,0,0,0,0,0,0,0,0,0,0,0,0,0,0,0,0,0,0,0,0
EB0A4AFDDFC8302891CFD174D7C5A445CFDC5A3224A26364A34732DE2A68DC10_2980f2ebb7.dll,Mono,0,0,0,0,0,0,0,0,0,0,0,0,0,0,0,0,0,0,0,0,0,0,0,0,0,0,0,0,0,0,0,0,0,0,0,0,0,0,0,0,0,0,0,0,0,0,0,0,0,0,0
EB2480F3B84621ED7DB8A03E79F1C96FF10DF7029F19247B8CDDAEA66B22B790_829cf81f44.dll,Mono,0,0,0,0,0,0,0,0,0,0,0,0,0,0,0,0,0,0,0,0,0,0,0,0,0,0,0,0,0,0,0,0,0,0,2,0,0,0,0,0,0,1,0,0,0,0,0,0,0,0,0
EB681C0EA62603272FB0ED16D7CF10498AA6143CE615F63C96E525BE2102A14E_162734105f.dll,Mono,0,0,0,0,0,0,0,0,0,0,0,0,0,0,0,0,0,0,0,0,0,0,0,0,0,0,0,0,0,0,0,0,0,0,0,0,0,0,0,0,0,0,0,0,0,0,0,0,0,0,0
EC0453FC58097264899DB6C4D3BF41DF7B5EAD6DB1D8644E2C4BAEFB95151D44_f430470689.dll,Mono,0,0,0,0,0,0,0,0,0,0,0,0,0,0,0,0,0,0,0,0,0,0,0,0,0,0,0,0,0,0,0,0,0,0,8,0,0,0,0,0,0,0,0,0,0,0,0,0,0,0,0
EC15BAFEDA74EDA2220987C45332645BE6596EA7254DF4EA6B1B00D30DCCBCA7_9afa0d566c.dll,Mono,0,0,0,0,0,0,0,0,0,0,0,0,0,0,0,0,0,0,0,0,0,0,0,0,0,0,0,0,0,0,0,0,0,0,6,0,0,0,0,0,0,2,0,0,0,0,0,0,0,0,0
EC5EAA2AB1FE0CF58F73C4C0425E9302A6CB42B26019C72B54FDA19AF341C9DD_5d866ad23a.dll,Mono,0,0,0,0,0,0,0,0,0,0,0,0,0,0,0,0,0,0,0,0,0,0,0,0,0,0,0,0,0,0,0,0,0,0,4,0,0,0,0,0,0,0,0,0,0,0,0,0,0,0,0
EC94AE82908AAD3455EAA1C5CCDA1C489779890D092D3881C7FCAF7E4CC46165_9b1d7c0ec2.dll,Mono,0,0,0,0,0,0,0,0,0,0,0,0,0,0,0,0,0,0,0,0,0,0,0,0,0,0,0,0,0,0,0,0,0,0,17,0,0,0,0,0,0,1,0,0,0,0,0,0,0,0,0
EC9DA447CEE18A09CD4A416018D1A843FC274D757F4B4592324BF0058CC1C8D8_b6328a2a29.dll,Mono,0,0,0,0,0,0,0,0,0,0,0,0,0,0,0,0,0,0,0,0,0,0,0,0,0,0,0,0,0,0,0,0,0,0,0,0,0,0,0,0,0,0,0,0,0,0,0,0,0,0,0
ED62A79BBCD0E3DB38E79284A21F686D3A0075CDFC3D5BFD0C613DD5C0C54F2D_56d1dfaf6c.dll,Mono,0,0,0,1,0,0,0,0,0,8,0,0,0,0,0,0,0,0,0,0,0,1,1,1,0,0,0,1,0,0,0,0,0,0,6,0,0,0,0,0,0,1,0,0,0,0,0,0,1,0,0
EEBE77360AB4C9803B6CC878AC15D89FB62276E109FC42806E89BBFA0285458A_87521d439a.dll,Mono,0,0,0,0,0,0,0,0,0,1,0,0,0,0,0,0,0,0,0,0,0,0,0,0,0,0,0,0,0,0,0,0,0,0,2,0,0,0,0,0,0,1,0,0,0,0,0,0,0,0,0
F02EE4749B0B353A462995F995096E20A485D4617E7430B5743409F88D730F34_4cbf70cfd5.dll,Mono,0,0,0,0,0,0,0,0,0,0,0,0,0,0,0,0,0,0,0,0,0,0,0,0,0,0,0,0,0,0,0,0,0,0,1,0,0,0,0,0,0,0,0,0,0,0,0,0,0,0,0
F053F775B9682BCF9E4C847F1DDABC4A6349477590C4EE1A6759A0A1C562AA58_61988c3481.dll,Mono,0,0,0,1,0,0,0,0,0,0,0,0,0,0,0,0,0,0,0,0,0,0,0,0,0,0,0,0,0,0,0,0,0,0,0,0,0,0,0,0,0,0,0,0,0,0,0,0,0,0,0
F39783A1BDF81E32841EBBA37015811E71FA9ACAB2E407B4FD5B718499ACA8C2_61988c3481.dll,Mono,0,0,0,1,0,0,0,0,0,0,0,0,0,0,0,0,0,0,0,0,0,0,0,0,0,0,0,0,0,0,0,0,0,0,0,0,0,0,0,0,0,0,0,0,0,0,0,0,0,0,0
F573BBE3005F6B1D894BF03D1B44D761D71A47F7943FCCA38F97FE3323A86EE2_c39008900b.dll,Mono,0,0,0,1,0,0,0,0,0,0,0,0,0,0,0,0,0,0,0,0,0,0,0,0,0,0,0,0,0,0,0,0,0,0,0,0,0,0,0,0,0,0,0,0,0,0,0,0,0,0,0
F5B4906A73603D86F2BD230279F26673F6419E6CA434DD9D3E78621A81052ED8_7a5fb69ca7.dll,Mono,1,0,0,0,0,0,0,0,0,5,0,0,0,0,0,0,0,0,0,0,0,0,0,0,0,0,0,0,0,0,0,0,0,0,11,0,0,0,0,0,0,2,0,0,0,0,0,0,0,0,0
F698963B8453DB8C5C2818A122BBB47BE0F8F05B1A6B095FDCF6FBFE75936519_868a6ef81a.dll,Mono,0,0,0,0,0,0,0,0,0,0,0,0,0,0,0,0,0,0,0,0,0,0,0,0,0,0,0,0,0,0,0,0,0,0,0,0,0,0,0,0,0,0,0,0,0,0,0,0,0,0,0
F7A0A9164FA5C8343E2FC291070178D0D117BBD9C920A8C534B58BCA07CC9910_9c47ff902f.dll,Mono,0,0,0,0,0,0,0,0,0,0,0,0,0,0,0,0,0,0,0,0,0,0,0,0,0,0,0,0,0,0,0,0,0,0,0,0,0,0,0,0,0,0,0,0,0,0,0,0,0,0,0
F966651667323BF8389BB72B3C24EF7D7390F1740007CC33D81A69A4DE12600D_fc0e1ad59a.dll,Mono,0,0,0,0,0,0,0,0,0,0,0,0,0,0,0,0,0,0,0,0,0,0,0,0,0,0,0,0,0,0,0,0,0,0,1,0,0,0,0,0,0,0,0,0,0,0,0,0,0,0,0
FAA67FA7104EFB9985A2D64E88BA16DACD46E3478C114B33BD5B52C0279606C0_61988c3481.dll,Mono,0,0,0,1,0,0,0,0,0,0,0,0,0,0,0,0,0,0,0,0,0,0,0,0,0,0,0,0,0,0,0,0,0,0,0,0,0,0,0,0,0,0,0,0,0,0,0,0,0,0,0
FC5381374C9E5AEBF030F8696B0E220F582C82AFA1ABD1AA6FAAE9C3D998204B_223c1ef529.dll,Mono,0,0,0,0,0,0,0,0,0,0,0,0,0,0,0,0,0,0,0,0,0,0,0,0,0,0,0,0,0,0,0,0,0,0,1,0,0,0,0,0,0,0,0,0,0,0,0,0,0,0,0
FCB6E374C3B47E625365EF6AE1AFBDCBD47C72109B47B24BFA3E83327C501782_cbca75c096.dll,Mono,0,0,0,0,0,0,0,0,0,0,0,0,0,0,0,0,0,0,0,0,0,0,0,0,0,0,0,0,0,0,0,0,0,0,0,0,0,0,0,0,0,0,0,0,0,0,0,0,0,0,0
FDB4CFB1968FDB63EBBC06CEAC425062A03246D71F1D1DC8653F152CA2572A12_2e2bd81217.dll,Mono,0,0,0,0,0,0,0,0,0,0,0,0,0,0,0,0,0,0,0,0,0,0,0,0,0,0,0,0,0,0,0,0,0,0,4,0,0,0,0,0,0,1,0,0,0,0,0,0,0,0,0
FE61DBEBFAB7D177FB9F1FDAC458A3B10140AA584FBDBC5E06CDA175D510E140_1456feb5b4.dll,Mono,0,0,0,0,0,0,0,0,0,0,0,0,0,0,0,0,0,0,0,0,0,0,0,0,0,0,0,0,0,0,0,0,0,0,2,0,0,0,0,0,0,0,0,0,0,0,0,0,0,0,0
FE81776E278088695AA7C6BDCB264552743D653ABFD030F63F36F93184D444BA_b4f9aefd1a.dll,Mono,0,0,0,1,0,0,0,0,0,0,0,0,0,0,0,0,0,0,0,0,0,0,0,0,0,0,0,0,0,0,0,0,0,0,3,0,0,0,0,0,0,0,0,0,0,0,0,0,0,0,0
FF4A5301283A8ACFAE00B386CD521D1644BE33F2DC4F73EA0A0C5A40D84F0D29_54f3a13900.dll,Mono,0,0,0,0,0,0,0,0,0,0,0,0,0,0,0,0,0,0,0,0,0,0,0,0,0,0,0,0,0,0,0,0,0,0,32,0,0,0,0,0,0,1,0,1,0,0,0,0,0,0,0
